sku	name	price
MH01	Chaz Kangeroo Hoodie	52
MH01-L-Black	Chaz Kangeroo Hoodie-L-Black	52
MH01-L-Gray	Chaz Kangeroo Hoodie-L-Gray	52
MH01-L-Orange	Chaz Kangeroo Hoodie-L-Orange	52
MH01-M-Black	Chaz Kangeroo Hoodie-M-Black	52
MH01-M-Gray	Chaz Kangeroo Hoodie-M-Gray	52
MH01-M-Orange	Chaz Kangeroo Hoodie-M-Orange	52
MH01-S-Black	Chaz Kangeroo Hoodie-S-Black	52
MH01-S-Gray	Chaz Kangeroo Hoodie-S-Gray	52
MH01-S-Orange	Chaz Kangeroo Hoodie-S-Orange	52
MH01-XL-Black	Chaz Kangeroo Hoodie-XL-Black	52
MH01-XL-Gray	Chaz Kangeroo Hoodie-XL-Gray	52
MH01-XL-Orange	Chaz Kangeroo Hoodie-XL-Orange	52
MH01-XS-Black	Chaz Kangeroo Hoodie-XS-Black	52
MH01-XS-Gray	Chaz Kangeroo Hoodie-XS-Gray	52
MH01-XS-Orange	Chaz Kangeroo Hoodie-XS-Orange	52
MH02	Teton Pullover Hoodie	70
MH02-L-Black	Teton Pullover Hoodie-L-Black	70
MH02-L-Purple	Teton Pullover Hoodie-L-Purple	70
MH02-L-Red	Teton Pullover Hoodie-L-Red	70
MH02-M-Black	Teton Pullover Hoodie-M-Black	70
MH02-M-Purple	Teton Pullover Hoodie-M-Purple	70
MH02-M-Red	Teton Pullover Hoodie-M-Red	70
MH02-S-Black	Teton Pullover Hoodie-S-Black	70
MH02-S-Purple	Teton Pullover Hoodie-S-Purple	70
MH02-S-Red	Teton Pullover Hoodie-S-Red	70
MH02-XL-Black	Teton Pullover Hoodie-XL-Black	70
MH02-XL-Purple	Teton Pullover Hoodie-XL-Purple	70
MH02-XL-Red	Teton Pullover Hoodie-XL-Red	70
MH02-XS-Black	Teton Pullover Hoodie-XS-Black	70
MH02-XS-Purple	Teton Pullover Hoodie-XS-Purple	70
MH02-XS-Red	Teton Pullover Hoodie-XS-Red	70
MH03	Bruno Compete Hoodie	63
MH03-L-Black	Bruno Compete Hoodie-L-Black	63
MH03-L-Blue	Bruno Compete Hoodie-L-Blue	63
MH03-L-Green	Bruno Compete Hoodie-L-Green	63
MH03-M-Black	Bruno Compete Hoodie-M-Black	63
MH03-M-Blue	Bruno Compete Hoodie-M-Blue	63
MH03-M-Green	Bruno Compete Hoodie-M-Green	63
MH03-S-Black	Bruno Compete Hoodie-S-Black	63
MH03-S-Blue	Bruno Compete Hoodie-S-Blue	63
MH03-S-Green	Bruno Compete Hoodie-S-Green	63
MH03-XL-Black	Bruno Compete Hoodie-XL-Black	63
MH03-XL-Blue	Bruno Compete Hoodie-XL-Blue	63
MH03-XL-Green	Bruno Compete Hoodie-XL-Green	63
MH03-XS-Black	Bruno Compete Hoodie-XS-Black	63
MH03-XS-Blue	Bruno Compete Hoodie-XS-Blue	63
MH03-XS-Green	Bruno Compete Hoodie-XS-Green	63
MH04	Frankie  Sweatshirt	60
MH04-L-Green	Frankie  Sweatshirt-L-Green	60
MH04-L-White	Frankie  Sweatshirt-L-White	60
MH04-L-Yellow	Frankie  Sweatshirt-L-Yellow	60
MH04-M-Green	Frankie  Sweatshirt-M-Green	60
MH04-M-White	Frankie  Sweatshirt-M-White	60
MH04-M-Yellow	Frankie  Sweatshirt-M-Yellow	60
MH04-S-Green	Frankie  Sweatshirt-S-Green	60
MH04-S-White	Frankie  Sweatshirt-S-White	60
MH04-S-Yellow	Frankie  Sweatshirt-S-Yellow	60
MH04-XL-Green	Frankie  Sweatshirt-XL-Green	60
MH04-XL-White	Frankie  Sweatshirt-XL-White	60
MH04-XL-Yellow	Frankie  Sweatshirt-XL-Yellow	60
MH04-XS-Green	Frankie  Sweatshirt-XS-Green	60
MH04-XS-White	Frankie  Sweatshirt-XS-White	60
MH04-XS-Yellow	Frankie  Sweatshirt-XS-Yellow	60
MH05	Hollister Backyard Sweatshirt	52
MH05-L-Green	Hollister Backyard Sweatshirt-L-Green	52
MH05-L-Red	Hollister Backyard Sweatshirt-L-Red	52
MH05-L-White	Hollister Backyard Sweatshirt-L-White	52
MH05-M-Green	Hollister Backyard Sweatshirt-M-Green	52
MH05-M-Red	Hollister Backyard Sweatshirt-M-Red	52
MH05-M-White	Hollister Backyard Sweatshirt-M-White	52
MH05-S-Green	Hollister Backyard Sweatshirt-S-Green	52
MH05-S-Red	Hollister Backyard Sweatshirt-S-Red	52
MH05-S-White	Hollister Backyard Sweatshirt-S-White	52
MH05-XL-Green	Hollister Backyard Sweatshirt-XL-Green	52
MH05-XL-Red	Hollister Backyard Sweatshirt-XL-Red	52
MH05-XL-White	Hollister Backyard Sweatshirt-XL-White	52
MH05-XS-Green	Hollister Backyard Sweatshirt-XS-Green	52
MH05-XS-Red	Hollister Backyard Sweatshirt-XS-Red	52
MH05-XS-White	Hollister Backyard Sweatshirt-XS-White	52
MH06	Stark Fundamental Hoodie	42
MH06-L-Black	Stark Fundamental Hoodie-L-Black	42
MH06-L-Blue	Stark Fundamental Hoodie-L-Blue	42
MH06-L-Purple	Stark Fundamental Hoodie-L-Purple	42
MH06-M-Black	Stark Fundamental Hoodie-M-Black	42
MH06-M-Blue	Stark Fundamental Hoodie-M-Blue	42
MH06-M-Purple	Stark Fundamental Hoodie-M-Purple	42
MH06-S-Black	Stark Fundamental Hoodie-S-Black	42
MH06-S-Blue	Stark Fundamental Hoodie-S-Blue	42
MH06-S-Purple	Stark Fundamental Hoodie-S-Purple	42
MH06-XL-Black	Stark Fundamental Hoodie-XL-Black	42
MH06-XL-Blue	Stark Fundamental Hoodie-XL-Blue	42
MH06-XL-Purple	Stark Fundamental Hoodie-XL-Purple	42
MH06-XS-Black	Stark Fundamental Hoodie-XS-Black	42
MH06-XS-Blue	Stark Fundamental Hoodie-XS-Blue	42
MH06-XS-Purple	Stark Fundamental Hoodie-XS-Purple	42
MH07	Hero Hoodie	54
MH07-L-Black	Hero Hoodie-L-Black	54
MH07-L-Gray	Hero Hoodie-L-Gray	54
MH07-L-Green	Hero Hoodie-L-Green	54
MH07-M-Black	Hero Hoodie-M-Black	54
MH07-M-Gray	Hero Hoodie-M-Gray	54
MH07-M-Green	Hero Hoodie-M-Green	54
MH07-S-Black	Hero Hoodie-S-Black	54
MH07-S-Gray	Hero Hoodie-S-Gray	54
MH07-S-Green	Hero Hoodie-S-Green	54
MH07-XL-Black	Hero Hoodie-XL-Black	54
MH07-XL-Gray	Hero Hoodie-XL-Gray	54
MH07-XL-Green	Hero Hoodie-XL-Green	54
MH07-XS-Black	Hero Hoodie-XS-Black	54
MH07-XS-Gray	Hero Hoodie-XS-Gray	54
MH07-XS-Green	Hero Hoodie-XS-Green	54
MH08	Oslo Trek Hoodie	42
MH08-L-Brown	Oslo Trek Hoodie-L-Brown	42
MH08-L-Purple	Oslo Trek Hoodie-L-Purple	42
MH08-L-Red	Oslo Trek Hoodie-L-Red	42
MH08-M-Brown	Oslo Trek Hoodie-M-Brown	42
MH08-M-Purple	Oslo Trek Hoodie-M-Purple	42
MH08-M-Red	Oslo Trek Hoodie-M-Red	42
MH08-S-Brown	Oslo Trek Hoodie-S-Brown	42
MH08-S-Purple	Oslo Trek Hoodie-S-Purple	42
MH08-S-Red	Oslo Trek Hoodie-S-Red	42
MH08-XL-Brown	Oslo Trek Hoodie-XL-Brown	42
MH08-XL-Purple	Oslo Trek Hoodie-XL-Purple	42
MH08-XL-Red	Oslo Trek Hoodie-XL-Red	42
MH08-XS-Brown	Oslo Trek Hoodie-XS-Brown	42
MH08-XS-Purple	Oslo Trek Hoodie-XS-Purple	42
MH08-XS-Red	Oslo Trek Hoodie-XS-Red	42
MH09	Abominable Hoodie	69
MH09-L-Blue	Abominable Hoodie-L-Blue	69
MH09-L-Green	Abominable Hoodie-L-Green	69
MH09-L-Red	Abominable Hoodie-L-Red	69
MH09-M-Blue	Abominable Hoodie-M-Blue	69
MH09-M-Green	Abominable Hoodie-M-Green	69
MH09-M-Red	Abominable Hoodie-M-Red	69
MH09-S-Blue	Abominable Hoodie-S-Blue	69
MH09-S-Green	Abominable Hoodie-S-Green	69
MH09-S-Red	Abominable Hoodie-S-Red	69
MH09-XL-Blue	Abominable Hoodie-XL-Blue	69
MH09-XL-Green	Abominable Hoodie-XL-Green	69
MH09-XL-Red	Abominable Hoodie-XL-Red	69
MH09-XS-Blue	Abominable Hoodie-XS-Blue	69
MH09-XS-Green	Abominable Hoodie-XS-Green	69
MH09-XS-Red	Abominable Hoodie-XS-Red	69
MH10	Mach Street Sweatshirt 	62
MH10-L-Black	Mach Street Sweatshirt -L-Black	62
MH10-L-Blue	Mach Street Sweatshirt -L-Blue	62
MH10-L-Red	Mach Street Sweatshirt -L-Red	62
MH10-M-Black	Mach Street Sweatshirt -M-Black	62
MH10-M-Blue	Mach Street Sweatshirt -M-Blue	62
MH10-M-Red	Mach Street Sweatshirt -M-Red	62
MH10-S-Black	Mach Street Sweatshirt -S-Black	62
MH10-S-Blue	Mach Street Sweatshirt -S-Blue	62
MH10-S-Red	Mach Street Sweatshirt -S-Red	62
MH10-XL-Black	Mach Street Sweatshirt -XL-Black	62
MH10-XL-Blue	Mach Street Sweatshirt -XL-Blue	62
MH10-XL-Red	Mach Street Sweatshirt -XL-Red	62
MH10-XS-Black	Mach Street Sweatshirt -XS-Black	62
MH10-XS-Blue	Mach Street Sweatshirt -XS-Blue	62
MH10-XS-Red	Mach Street Sweatshirt -XS-Red	62
MH11	Grayson Crewneck Sweatshirt 	64
MH11-L-Orange	Grayson Crewneck Sweatshirt -L-Orange	64
MH11-L-Red	Grayson Crewneck Sweatshirt -L-Red	64
MH11-L-White	Grayson Crewneck Sweatshirt -L-White	64
MH11-M-Orange	Grayson Crewneck Sweatshirt -M-Orange	64
MH11-M-Red	Grayson Crewneck Sweatshirt -M-Red	64
MH11-M-White	Grayson Crewneck Sweatshirt -M-White	64
MH11-S-Orange	Grayson Crewneck Sweatshirt -S-Orange	64
MH11-S-Red	Grayson Crewneck Sweatshirt -S-Red	64
MH11-S-White	Grayson Crewneck Sweatshirt -S-White	64
MH11-XL-Orange	Grayson Crewneck Sweatshirt -XL-Orange	64
MH11-XL-Red	Grayson Crewneck Sweatshirt -XL-Red	64
MH11-XL-White	Grayson Crewneck Sweatshirt -XL-White	64
MH11-XS-Orange	Grayson Crewneck Sweatshirt -XS-Orange	64
MH11-XS-Red	Grayson Crewneck Sweatshirt -XS-Red	64
MH11-XS-White	Grayson Crewneck Sweatshirt -XS-White	64
MH12	Ajax Full-Zip Sweatshirt 	69
MH12-L-Blue	Ajax Full-Zip Sweatshirt -L-Blue	69
MH12-L-Green	Ajax Full-Zip Sweatshirt -L-Green	69
MH12-L-Red	Ajax Full-Zip Sweatshirt -L-Red	69
MH12-M-Blue	Ajax Full-Zip Sweatshirt -M-Blue	69
MH12-M-Green	Ajax Full-Zip Sweatshirt -M-Green	69
MH12-M-Red	Ajax Full-Zip Sweatshirt -M-Red	69
MH12-S-Blue	Ajax Full-Zip Sweatshirt -S-Blue	69
MH12-S-Green	Ajax Full-Zip Sweatshirt -S-Green	69
MH12-S-Red	Ajax Full-Zip Sweatshirt -S-Red	69
MH12-XL-Blue	Ajax Full-Zip Sweatshirt -XL-Blue	69
MH12-XL-Green	Ajax Full-Zip Sweatshirt -XL-Green	69
MH12-XL-Red	Ajax Full-Zip Sweatshirt -XL-Red	69
MH12-XS-Blue	Ajax Full-Zip Sweatshirt -XS-Blue	69
MH12-XS-Green	Ajax Full-Zip Sweatshirt -XS-Green	69
MH12-XS-Red	Ajax Full-Zip Sweatshirt -XS-Red	69
MH13	Marco Lightweight Active Hoodie	74
MH13-L-Blue	Marco Lightweight Active Hoodie-L-Blue	74
MH13-L-Green	Marco Lightweight Active Hoodie-L-Green	74
MH13-L-Lavender	Marco Lightweight Active Hoodie-L-Lavender	74
MH13-M-Blue	Marco Lightweight Active Hoodie-M-Blue	74
MH13-M-Green	Marco Lightweight Active Hoodie-M-Green	74
MH13-M-Lavender	Marco Lightweight Active Hoodie-M-Lavender	74
MH13-S-Blue	Marco Lightweight Active Hoodie-S-Blue	74
MH13-S-Green	Marco Lightweight Active Hoodie-S-Green	74
MH13-S-Lavender	Marco Lightweight Active Hoodie-S-Lavender	74
MH13-XL-Blue	Marco Lightweight Active Hoodie-XL-Blue	74
MH13-XL-Green	Marco Lightweight Active Hoodie-XL-Green	74
MH13-XL-Lavender	Marco Lightweight Active Hoodie-XL-Lavender	74
MH13-XS-Blue	Marco Lightweight Active Hoodie-XS-Blue	74
MH13-XS-Green	Marco Lightweight Active Hoodie-XS-Green	74
MH13-XS-Lavender	Marco Lightweight Active Hoodie-XS-Lavender	74
MJ01	Beaumont Summit Kit	42
MJ01-L-Orange	Beaumont Summit Kit-L-Orange	42
MJ01-L-Red	Beaumont Summit Kit-L-Red	42
MJ01-L-Yellow	Beaumont Summit Kit-L-Yellow	42
MJ01-M-Orange	Beaumont Summit Kit-M-Orange	42
MJ01-M-Red	Beaumont Summit Kit-M-Red	42
MJ01-M-Yellow	Beaumont Summit Kit-M-Yellow	42
MJ01-S-Orange	Beaumont Summit Kit-S-Orange	42
MJ01-S-Red	Beaumont Summit Kit-S-Red	42
MJ01-S-Yellow	Beaumont Summit Kit-S-Yellow	42
MJ01-XL-Orange	Beaumont Summit Kit-XL-Orange	42
MJ01-XL-Red	Beaumont Summit Kit-XL-Red	42
MJ01-XL-Yellow	Beaumont Summit Kit-XL-Yellow	42
MJ01-XS-Orange	Beaumont Summit Kit-XS-Orange	42
MJ01-XS-Red	Beaumont Summit Kit-XS-Red	42
MJ01-XS-Yellow	Beaumont Summit Kit-XS-Yellow	42
MJ02	Hyperion Elements Jacket	51
MJ02-L-Green	Hyperion Elements Jacket-L-Green	51
MJ02-L-Orange	Hyperion Elements Jacket-L-Orange	51
MJ02-L-Red	Hyperion Elements Jacket-L-Red	51
MJ02-M-Green	Hyperion Elements Jacket-M-Green	51
MJ02-M-Orange	Hyperion Elements Jacket-M-Orange	51
MJ02-M-Red	Hyperion Elements Jacket-M-Red	51
MJ02-S-Green	Hyperion Elements Jacket-S-Green	51
MJ02-S-Orange	Hyperion Elements Jacket-S-Orange	51
MJ02-S-Red	Hyperion Elements Jacket-S-Red	51
MJ02-XL-Green	Hyperion Elements Jacket-XL-Green	51
MJ02-XL-Orange	Hyperion Elements Jacket-XL-Orange	51
MJ02-XL-Red	Hyperion Elements Jacket-XL-Red	51
MJ02-XS-Green	Hyperion Elements Jacket-XS-Green	51
MJ02-XS-Orange	Hyperion Elements Jacket-XS-Orange	51
MJ02-XS-Red	Hyperion Elements Jacket-XS-Red	51
MJ03	Montana Wind Jacket	49
MJ03-L-Black	Montana Wind Jacket-L-Black	49
MJ03-L-Green	Montana Wind Jacket-L-Green	49
MJ03-L-Red	Montana Wind Jacket-L-Red	49
MJ03-M-Black	Montana Wind Jacket-M-Black	49
MJ03-M-Green	Montana Wind Jacket-M-Green	49
MJ03-M-Red	Montana Wind Jacket-M-Red	49
MJ03-S-Black	Montana Wind Jacket-S-Black	49
MJ03-S-Green	Montana Wind Jacket-S-Green	49
MJ03-S-Red	Montana Wind Jacket-S-Red	49
MJ03-XL-Black	Montana Wind Jacket-XL-Black	49
MJ03-XL-Green	Montana Wind Jacket-XL-Green	49
MJ03-XL-Red	Montana Wind Jacket-XL-Red	49
MJ03-XS-Black	Montana Wind Jacket-XS-Black	49
MJ03-XS-Green	Montana Wind Jacket-XS-Green	49
MJ03-XS-Red	Montana Wind Jacket-XS-Red	49
MJ04	Kenobi Trail Jacket	47
MJ04-L-Black	Kenobi Trail Jacket-L-Black	47
MJ04-L-Blue	Kenobi Trail Jacket-L-Blue	47
MJ04-L-Purple	Kenobi Trail Jacket-L-Purple	47
MJ04-M-Black	Kenobi Trail Jacket-M-Black	47
MJ04-M-Blue	Kenobi Trail Jacket-M-Blue	47
MJ04-M-Purple	Kenobi Trail Jacket-M-Purple	47
MJ04-S-Black	Kenobi Trail Jacket-S-Black	47
MJ04-S-Blue	Kenobi Trail Jacket-S-Blue	47
MJ04-S-Purple	Kenobi Trail Jacket-S-Purple	47
MJ04-XL-Black	Kenobi Trail Jacket-XL-Black	47
MJ04-XL-Blue	Kenobi Trail Jacket-XL-Blue	47
MJ04-XL-Purple	Kenobi Trail Jacket-XL-Purple	47
MJ04-XS-Black	Kenobi Trail Jacket-XS-Black	47
MJ04-XS-Blue	Kenobi Trail Jacket-XS-Blue	47
MJ04-XS-Purple	Kenobi Trail Jacket-XS-Purple	47
MJ06	Jupiter All-Weather Trainer 	56.99
MJ06-L-Blue	Jupiter All-Weather Trainer -L-Blue	56.99
MJ06-L-Green	Jupiter All-Weather Trainer -L-Green	56.99
MJ06-L-Purple	Jupiter All-Weather Trainer -L-Purple	56.99
MJ06-M-Blue	Jupiter All-Weather Trainer -M-Blue	56.99
MJ06-M-Green	Jupiter All-Weather Trainer -M-Green	56.99
MJ06-M-Purple	Jupiter All-Weather Trainer -M-Purple	56.99
MJ06-S-Blue	Jupiter All-Weather Trainer -S-Blue	56.99
MJ06-S-Green	Jupiter All-Weather Trainer -S-Green	56.99
MJ06-S-Purple	Jupiter All-Weather Trainer -S-Purple	56.99
MJ06-XL-Blue	Jupiter All-Weather Trainer -XL-Blue	56.99
MJ06-XL-Green	Jupiter All-Weather Trainer -XL-Green	56.99
MJ06-XL-Purple	Jupiter All-Weather Trainer -XL-Purple	56.99
MJ06-XS-Blue	Jupiter All-Weather Trainer -XS-Blue	56.99
MJ06-XS-Green	Jupiter All-Weather Trainer -XS-Green	56.99
MJ06-XS-Purple	Jupiter All-Weather Trainer -XS-Purple	56.99
MJ07	Orion Two-Tone Fitted Jacket	72
MJ07-L-Black	Orion Two-Tone Fitted Jacket-L-Black	72
MJ07-L-Red	Orion Two-Tone Fitted Jacket-L-Red	72
MJ07-L-Yellow	Orion Two-Tone Fitted Jacket-L-Yellow	72
MJ07-M-Black	Orion Two-Tone Fitted Jacket-M-Black	72
MJ07-M-Red	Orion Two-Tone Fitted Jacket-M-Red	72
MJ07-M-Yellow	Orion Two-Tone Fitted Jacket-M-Yellow	72
MJ07-S-Black	Orion Two-Tone Fitted Jacket-S-Black	72
MJ07-S-Red	Orion Two-Tone Fitted Jacket-S-Red	72
MJ07-S-Yellow	Orion Two-Tone Fitted Jacket-S-Yellow	72
MJ07-XL-Black	Orion Two-Tone Fitted Jacket-XL-Black	72
MJ07-XL-Red	Orion Two-Tone Fitted Jacket-XL-Red	72
MJ07-XL-Yellow	Orion Two-Tone Fitted Jacket-XL-Yellow	72
MJ07-XS-Black	Orion Two-Tone Fitted Jacket-XS-Black	72
MJ07-XS-Red	Orion Two-Tone Fitted Jacket-XS-Red	72
MJ07-XS-Yellow	Orion Two-Tone Fitted Jacket-XS-Yellow	72
MJ08	Lando Gym Jacket	99
MJ08-L-Blue	Lando Gym Jacket-L-Blue	99
MJ08-L-Gray	Lando Gym Jacket-L-Gray	99
MJ08-L-Green	Lando Gym Jacket-L-Green	99
MJ08-M-Blue	Lando Gym Jacket-M-Blue	99
MJ08-M-Gray	Lando Gym Jacket-M-Gray	99
MJ08-M-Green	Lando Gym Jacket-M-Green	99
MJ08-S-Blue	Lando Gym Jacket-S-Blue	99
MJ08-S-Gray	Lando Gym Jacket-S-Gray	99
MJ08-S-Green	Lando Gym Jacket-S-Green	99
MJ08-XL-Blue	Lando Gym Jacket-XL-Blue	99
MJ08-XL-Gray	Lando Gym Jacket-XL-Gray	99
MJ08-XL-Green	Lando Gym Jacket-XL-Green	99
MJ08-XS-Blue	Lando Gym Jacket-XS-Blue	99
MJ08-XS-Gray	Lando Gym Jacket-XS-Gray	99
MJ08-XS-Green	Lando Gym Jacket-XS-Green	99
MJ09	Taurus Elements Shell	65
MJ09-L-Blue	Taurus Elements Shell-L-Blue	65
MJ09-L-White	Taurus Elements Shell-L-White	65
MJ09-L-Yellow	Taurus Elements Shell-L-Yellow	65
MJ09-M-Blue	Taurus Elements Shell-M-Blue	65
MJ09-M-White	Taurus Elements Shell-M-White	65
MJ09-M-Yellow	Taurus Elements Shell-M-Yellow	65
MJ09-S-Blue	Taurus Elements Shell-S-Blue	65
MJ09-S-White	Taurus Elements Shell-S-White	65
MJ09-S-Yellow	Taurus Elements Shell-S-Yellow	65
MJ09-XL-Blue	Taurus Elements Shell-XL-Blue	65
MJ09-XL-White	Taurus Elements Shell-XL-White	65
MJ09-XL-Yellow	Taurus Elements Shell-XL-Yellow	65
MJ09-XS-Blue	Taurus Elements Shell-XS-Blue	65
MJ09-XS-White	Taurus Elements Shell-XS-White	65
MJ09-XS-Yellow	Taurus Elements Shell-XS-Yellow	65
MJ10	Mars HeatTech&trade; Pullover	66
MJ10-L-Black	Mars HeatTech&trade; Pullover-L-Black	66
MJ10-L-Orange	Mars HeatTech&trade; Pullover-L-Orange	66
MJ10-L-Red	Mars HeatTech&trade; Pullover-L-Red	66
MJ10-M-Black	Mars HeatTech&trade; Pullover-M-Black	66
MJ10-M-Orange	Mars HeatTech&trade; Pullover-M-Orange	66
MJ10-M-Red	Mars HeatTech&trade; Pullover-M-Red	66
MJ10-S-Black	Mars HeatTech&trade; Pullover-S-Black	66
MJ10-S-Orange	Mars HeatTech&trade; Pullover-S-Orange	66
MJ10-S-Red	Mars HeatTech&trade; Pullover-S-Red	66
MJ10-XL-Black	Mars HeatTech&trade; Pullover-XL-Black	66
MJ10-XL-Orange	Mars HeatTech&trade; Pullover-XL-Orange	66
MJ10-XL-Red	Mars HeatTech&trade; Pullover-XL-Red	66
MJ10-XS-Black	Mars HeatTech&trade; Pullover-XS-Black	66
MJ10-XS-Orange	Mars HeatTech&trade; Pullover-XS-Orange	66
MJ10-XS-Red	Mars HeatTech&trade; Pullover-XS-Red	66
MJ11	Typhon Performance Fleece-lined Jacket	60
MJ11-L-Black	Typhon Performance Fleece-lined Jacket-L-Black	60
MJ11-L-Green	Typhon Performance Fleece-lined Jacket-L-Green	60
MJ11-L-Red	Typhon Performance Fleece-lined Jacket-L-Red	60
MJ11-M-Black	Typhon Performance Fleece-lined Jacket-M-Black	60
MJ11-M-Green	Typhon Performance Fleece-lined Jacket-M-Green	60
MJ11-M-Red	Typhon Performance Fleece-lined Jacket-M-Red	60
MJ11-S-Black	Typhon Performance Fleece-lined Jacket-S-Black	60
MJ11-S-Green	Typhon Performance Fleece-lined Jacket-S-Green	60
MJ11-S-Red	Typhon Performance Fleece-lined Jacket-S-Red	60
MJ11-XL-Black	Typhon Performance Fleece-lined Jacket-XL-Black	60
MJ11-XL-Green	Typhon Performance Fleece-lined Jacket-XL-Green	60
MJ11-XL-Red	Typhon Performance Fleece-lined Jacket-XL-Red	60
MJ11-XS-Black	Typhon Performance Fleece-lined Jacket-XS-Black	60
MJ11-XS-Green	Typhon Performance Fleece-lined Jacket-XS-Green	60
MJ11-XS-Red	Typhon Performance Fleece-lined Jacket-XS-Red	60
MJ12	Proteus Fitness Jackshirt	45
MJ12-L-Black	Proteus Fitness Jackshirt-L-Black	45
MJ12-L-Blue	Proteus Fitness Jackshirt-L-Blue	45
MJ12-L-Orange	Proteus Fitness Jackshirt-L-Orange	45
MJ12-M-Black	Proteus Fitness Jackshirt-M-Black	45
MJ12-M-Blue	Proteus Fitness Jackshirt-M-Blue	45
MJ12-M-Orange	Proteus Fitness Jackshirt-M-Orange	45
MJ12-S-Black	Proteus Fitness Jackshirt-S-Black	45
MJ12-S-Blue	Proteus Fitness Jackshirt-S-Blue	45
MJ12-S-Orange	Proteus Fitness Jackshirt-S-Orange	45
MJ12-XL-Black	Proteus Fitness Jackshirt-XL-Black	45
MJ12-XL-Blue	Proteus Fitness Jackshirt-XL-Blue	45
MJ12-XL-Orange	Proteus Fitness Jackshirt-XL-Orange	45
MJ12-XS-Black	Proteus Fitness Jackshirt-XS-Black	45
MJ12-XS-Blue	Proteus Fitness Jackshirt-XS-Blue	45
MJ12-XS-Orange	Proteus Fitness Jackshirt-XS-Orange	45
MP01	Caesar Warm-Up Pant	35
MP01-32-Black	Caesar Warm-Up Pant-32-Black	35
MP01-32-Gray	Caesar Warm-Up Pant-32-Gray	35
MP01-32-Purple	Caesar Warm-Up Pant-32-Purple	35
MP01-33-Black	Caesar Warm-Up Pant-33-Black	35
MP01-33-Gray	Caesar Warm-Up Pant-33-Gray	35
MP01-33-Purple	Caesar Warm-Up Pant-33-Purple	35
MP01-34-Black	Caesar Warm-Up Pant-34-Black	35
MP01-34-Gray	Caesar Warm-Up Pant-34-Gray	35
MP01-34-Purple	Caesar Warm-Up Pant-34-Purple	35
MP01-36-Black	Caesar Warm-Up Pant-36-Black	35
MP01-36-Gray	Caesar Warm-Up Pant-36-Gray	35
MP01-36-Purple	Caesar Warm-Up Pant-36-Purple	35
MP02	Viktor LumaTech&trade; Pant	46
MP02-32-Blue	Viktor LumaTech&trade; Pant-32-Blue	46
MP02-32-Gray	Viktor LumaTech&trade; Pant-32-Gray	46
MP02-32-Red	Viktor LumaTech&trade; Pant-32-Red	46
MP02-33-Blue	Viktor LumaTech&trade; Pant-33-Blue	46
MP02-33-Gray	Viktor LumaTech&trade; Pant-33-Gray	46
MP02-33-Red	Viktor LumaTech&trade; Pant-33-Red	46
MP02-34-Blue	Viktor LumaTech&trade; Pant-34-Blue	46
MP02-34-Gray	Viktor LumaTech&trade; Pant-34-Gray	46
MP02-34-Red	Viktor LumaTech&trade; Pant-34-Red	46
MP02-36-Blue	Viktor LumaTech&trade; Pant-36-Blue	46
MP02-36-Gray	Viktor LumaTech&trade; Pant-36-Gray	46
MP02-36-Red	Viktor LumaTech&trade; Pant-36-Red	46
MP03	Geo Insulated Jogging Pant	51
MP03-32-Blue	Geo Insulated Jogging Pant-32-Blue	51
MP03-32-Green	Geo Insulated Jogging Pant-32-Green	51
MP03-32-Red	Geo Insulated Jogging Pant-32-Red	51
MP03-33-Blue	Geo Insulated Jogging Pant-33-Blue	51
MP03-33-Green	Geo Insulated Jogging Pant-33-Green	51
MP03-33-Red	Geo Insulated Jogging Pant-33-Red	51
MP03-34-Blue	Geo Insulated Jogging Pant-34-Blue	51
MP03-34-Green	Geo Insulated Jogging Pant-34-Green	51
MP03-34-Red	Geo Insulated Jogging Pant-34-Red	51
MP03-36-Blue	Geo Insulated Jogging Pant-36-Blue	51
MP03-36-Green	Geo Insulated Jogging Pant-36-Green	51
MP03-36-Red	Geo Insulated Jogging Pant-36-Red	51
MP04	Supernova Sport Pant	45
MP04-32-Black	Supernova Sport Pant-32-Black	45
MP04-32-Gray	Supernova Sport Pant-32-Gray	45
MP04-32-Green	Supernova Sport Pant-32-Green	45
MP04-33-Black	Supernova Sport Pant-33-Black	45
MP04-33-Gray	Supernova Sport Pant-33-Gray	45
MP04-33-Green	Supernova Sport Pant-33-Green	45
MP04-34-Black	Supernova Sport Pant-34-Black	45
MP04-34-Gray	Supernova Sport Pant-34-Gray	45
MP04-34-Green	Supernova Sport Pant-34-Green	45
MP04-36-Black	Supernova Sport Pant-36-Black	45
MP04-36-Gray	Supernova Sport Pant-36-Gray	45
MP04-36-Green	Supernova Sport Pant-36-Green	45
MP05	Kratos Gym Pant	57
MP05-32-Black	Kratos Gym Pant-32-Black	57
MP05-32-Blue	Kratos Gym Pant-32-Blue	57
MP05-32-Green	Kratos Gym Pant-32-Green	57
MP05-33-Black	Kratos Gym Pant-33-Black	57
MP05-33-Blue	Kratos Gym Pant-33-Blue	57
MP05-33-Green	Kratos Gym Pant-33-Green	57
MP05-34-Black	Kratos Gym Pant-34-Black	57
MP05-34-Blue	Kratos Gym Pant-34-Blue	57
MP05-34-Green	Kratos Gym Pant-34-Green	57
MP05-36-Black	Kratos Gym Pant-36-Black	57
MP05-36-Blue	Kratos Gym Pant-36-Blue	57
MP05-36-Green	Kratos Gym Pant-36-Green	57
MP06	Mithra Warmup Pant	28
MP06-32-Gray	Mithra Warmup Pant-32-Gray	28
MP06-32-Green	Mithra Warmup Pant-32-Green	28
MP06-32-Orange	Mithra Warmup Pant-32-Orange	28
MP06-33-Gray	Mithra Warmup Pant-33-Gray	28
MP06-33-Green	Mithra Warmup Pant-33-Green	28
MP06-33-Orange	Mithra Warmup Pant-33-Orange	28
MP06-34-Gray	Mithra Warmup Pant-34-Gray	28
MP06-34-Green	Mithra Warmup Pant-34-Green	28
MP06-34-Orange	Mithra Warmup Pant-34-Orange	28
MP06-36-Gray	Mithra Warmup Pant-36-Gray	28
MP06-36-Green	Mithra Warmup Pant-36-Green	28
MP06-36-Orange	Mithra Warmup Pant-36-Orange	28
MP07	Thorpe Track Pant	68
MP07-32-Black	Thorpe Track Pant-32-Black	68
MP07-32-Blue	Thorpe Track Pant-32-Blue	68
MP07-32-Purple	Thorpe Track Pant-32-Purple	68
MP07-33-Black	Thorpe Track Pant-33-Black	68
MP07-33-Blue	Thorpe Track Pant-33-Blue	68
MP07-33-Purple	Thorpe Track Pant-33-Purple	68
MP07-34-Black	Thorpe Track Pant-34-Black	68
MP07-34-Blue	Thorpe Track Pant-34-Blue	68
MP07-34-Purple	Thorpe Track Pant-34-Purple	68
MP07-36-Black	Thorpe Track Pant-36-Black	68
MP07-36-Blue	Thorpe Track Pant-36-Blue	68
MP07-36-Purple	Thorpe Track Pant-36-Purple	68
MP08	Zeppelin Yoga Pant	82
MP08-32-Blue	Zeppelin Yoga Pant-32-Blue	82
MP08-32-Green	Zeppelin Yoga Pant-32-Green	82
MP08-32-Red	Zeppelin Yoga Pant-32-Red	82
MP08-33-Blue	Zeppelin Yoga Pant-33-Blue	82
MP08-33-Green	Zeppelin Yoga Pant-33-Green	82
MP08-33-Red	Zeppelin Yoga Pant-33-Red	82
MP08-34-Blue	Zeppelin Yoga Pant-34-Blue	82
MP08-34-Green	Zeppelin Yoga Pant-34-Green	82
MP08-34-Red	Zeppelin Yoga Pant-34-Red	82
MP08-36-Blue	Zeppelin Yoga Pant-36-Blue	82
MP08-36-Green	Zeppelin Yoga Pant-36-Green	82
MP08-36-Red	Zeppelin Yoga Pant-36-Red	82
MP09	Livingston All-Purpose Tight	75
MP09-32-Black	Livingston All-Purpose Tight-32-Black	75
MP09-32-Blue	Livingston All-Purpose Tight-32-Blue	75
MP09-32-Red	Livingston All-Purpose Tight-32-Red	75
MP09-33-Black	Livingston All-Purpose Tight-33-Black	75
MP09-33-Blue	Livingston All-Purpose Tight-33-Blue	75
MP09-33-Red	Livingston All-Purpose Tight-33-Red	75
MP09-34-Black	Livingston All-Purpose Tight-34-Black	75
MP09-34-Blue	Livingston All-Purpose Tight-34-Blue	75
MP09-34-Red	Livingston All-Purpose Tight-34-Red	75
MP09-36-Black	Livingston All-Purpose Tight-36-Black	75
MP09-36-Blue	Livingston All-Purpose Tight-36-Blue	75
MP09-36-Red	Livingston All-Purpose Tight-36-Red	75
MP10	Orestes Yoga Pant 	66
MP10-32-Black	Orestes Yoga Pant -32-Black	66
MP10-32-Blue	Orestes Yoga Pant -32-Blue	66
MP10-32-Green	Orestes Yoga Pant -32-Green	66
MP10-33-Black	Orestes Yoga Pant -33-Black	66
MP10-33-Blue	Orestes Yoga Pant -33-Blue	66
MP10-33-Green	Orestes Yoga Pant -33-Green	66
MP10-34-Black	Orestes Yoga Pant -34-Black	66
MP10-34-Blue	Orestes Yoga Pant -34-Blue	66
MP10-34-Green	Orestes Yoga Pant -34-Green	66
MP10-36-Black	Orestes Yoga Pant -36-Black	66
MP10-36-Blue	Orestes Yoga Pant -36-Blue	66
MP10-36-Green	Orestes Yoga Pant -36-Green	66
MP11	Aether Gym Pant 	74
MP11-32-Blue	Aether Gym Pant -32-Blue	74
MP11-32-Brown	Aether Gym Pant -32-Brown	74
MP11-32-Green	Aether Gym Pant -32-Green	74
MP11-33-Blue	Aether Gym Pant -33-Blue	74
MP11-33-Brown	Aether Gym Pant -33-Brown	74
MP11-33-Green	Aether Gym Pant -33-Green	74
MP11-34-Blue	Aether Gym Pant -34-Blue	74
MP11-34-Brown	Aether Gym Pant -34-Brown	74
MP11-34-Green	Aether Gym Pant -34-Green	74
MP11-36-Blue	Aether Gym Pant -36-Blue	74
MP11-36-Brown	Aether Gym Pant -36-Brown	74
MP11-36-Green	Aether Gym Pant -36-Green	74
MP12	Cronus Yoga Pant 	48
MP12-32-Black	Cronus Yoga Pant -32-Black	48
MP12-32-Blue	Cronus Yoga Pant -32-Blue	48
MP12-32-Red	Cronus Yoga Pant -32-Red	48
MP12-33-Black	Cronus Yoga Pant -33-Black	48
MP12-33-Blue	Cronus Yoga Pant -33-Blue	48
MP12-33-Red	Cronus Yoga Pant -33-Red	48
MP12-34-Black	Cronus Yoga Pant -34-Black	48
MP12-34-Blue	Cronus Yoga Pant -34-Blue	48
MP12-34-Red	Cronus Yoga Pant -34-Red	48
MP12-36-Black	Cronus Yoga Pant -36-Black	48
MP12-36-Blue	Cronus Yoga Pant -36-Blue	48
MP12-36-Red	Cronus Yoga Pant -36-Red	48
MS01	Aero Daily Fitness Tee	24
MS01-L-Black	Aero Daily Fitness Tee-L-Black	24
MS01-L-Brown	Aero Daily Fitness Tee-L-Brown	24
MS01-L-Yellow	Aero Daily Fitness Tee-L-Yellow	24
MS01-M-Black	Aero Daily Fitness Tee-M-Black	24
MS01-M-Brown	Aero Daily Fitness Tee-M-Brown	24
MS01-M-Yellow	Aero Daily Fitness Tee-M-Yellow	24
MS01-S-Black	Aero Daily Fitness Tee-S-Black	24
MS01-S-Brown	Aero Daily Fitness Tee-S-Brown	24
MS01-S-Yellow	Aero Daily Fitness Tee-S-Yellow	24
MS01-XL-Black	Aero Daily Fitness Tee-XL-Black	24
MS01-XL-Brown	Aero Daily Fitness Tee-XL-Brown	24
MS01-XL-Yellow	Aero Daily Fitness Tee-XL-Yellow	24
MS01-XS-Black	Aero Daily Fitness Tee-XS-Black	24
MS01-XS-Brown	Aero Daily Fitness Tee-XS-Brown	24
MS01-XS-Yellow	Aero Daily Fitness Tee-XS-Yellow	24
MS02	Ryker LumaTech&trade; Tee (V-neck)	28
MS02-L-Black	Ryker LumaTech&trade; Tee (V-neck)-L-Black	28
MS02-L-Blue	Ryker LumaTech&trade; Tee (V-neck)-L-Blue	28
MS02-L-Gray	Ryker LumaTech&trade; Tee (V-neck)-L-Gray	28
MS02-M-Black	Ryker LumaTech&trade; Tee (V-neck)-M-Black	28
MS02-M-Blue	Ryker LumaTech&trade; Tee (V-neck)-M-Blue	28
MS02-M-Gray	Ryker LumaTech&trade; Tee (V-neck)-M-Gray	28
MS02-S-Black	Ryker LumaTech&trade; Tee (V-neck)-S-Black	28
MS02-S-Blue	Ryker LumaTech&trade; Tee (V-neck)-S-Blue	28
MS02-S-Gray	Ryker LumaTech&trade; Tee (V-neck)-S-Gray	28
MS02-XL-Black	Ryker LumaTech&trade; Tee (V-neck)-XL-Black	28
MS02-XL-Blue	Ryker LumaTech&trade; Tee (V-neck)-XL-Blue	28
MS02-XL-Gray	Ryker LumaTech&trade; Tee (V-neck)-XL-Gray	28
MS02-XS-Black	Ryker LumaTech&trade; Tee (V-neck)-XS-Black	28
MS02-XS-Blue	Ryker LumaTech&trade; Tee (V-neck)-XS-Blue	28
MS02-XS-Gray	Ryker LumaTech&trade; Tee (V-neck)-XS-Gray	28
MS03	Balboa Persistence Tee	29
MS03-L-Gray	Balboa Persistence Tee-L-Gray	29
MS03-L-Green	Balboa Persistence Tee-L-Green	29
MS03-L-Orange	Balboa Persistence Tee-L-Orange	29
MS03-M-Gray	Balboa Persistence Tee-M-Gray	29
MS03-M-Green	Balboa Persistence Tee-M-Green	29
MS03-M-Orange	Balboa Persistence Tee-M-Orange	29
MS03-S-Gray	Balboa Persistence Tee-S-Gray	29
MS03-S-Green	Balboa Persistence Tee-S-Green	29
MS03-S-Orange	Balboa Persistence Tee-S-Orange	29
MS03-XL-Gray	Balboa Persistence Tee-XL-Gray	29
MS03-XL-Green	Balboa Persistence Tee-XL-Green	29
MS03-XL-Orange	Balboa Persistence Tee-XL-Orange	29
MS03-XS-Gray	Balboa Persistence Tee-XS-Gray	29
MS03-XS-Green	Balboa Persistence Tee-XS-Green	29
MS03-XS-Orange	Balboa Persistence Tee-XS-Orange	29
MS04	Gobi HeatTec&reg; Tee	29
MS04-L-Black	Gobi HeatTec&reg; Tee-L-Black	29
MS04-L-Orange	Gobi HeatTec&reg; Tee-L-Orange	29
MS04-L-Red	Gobi HeatTec&reg; Tee-L-Red	29
MS04-M-Black	Gobi HeatTec&reg; Tee-M-Black	29
MS04-M-Orange	Gobi HeatTec&reg; Tee-M-Orange	29
MS04-M-Red	Gobi HeatTec&reg; Tee-M-Red	29
MS04-S-Black	Gobi HeatTec&reg; Tee-S-Black	29
MS04-S-Orange	Gobi HeatTec&reg; Tee-S-Orange	29
MS04-S-Red	Gobi HeatTec&reg; Tee-S-Red	29
MS04-XL-Black	Gobi HeatTec&reg; Tee-XL-Black	29
MS04-XL-Orange	Gobi HeatTec&reg; Tee-XL-Orange	29
MS04-XL-Red	Gobi HeatTec&reg; Tee-XL-Red	29
MS04-XS-Black	Gobi HeatTec&reg; Tee-XS-Black	29
MS04-XS-Orange	Gobi HeatTec&reg; Tee-XS-Orange	29
MS04-XS-Red	Gobi HeatTec&reg; Tee-XS-Red	29
MS05	Helios EverCool&trade; Tee	24
MS05-L-Black	Helios EverCool&trade; Tee-L-Black	24
MS05-L-Blue	Helios EverCool&trade; Tee-L-Blue	24
MS05-L-Purple	Helios EverCool&trade; Tee-L-Purple	24
MS05-M-Black	Helios EverCool&trade; Tee-M-Black	24
MS05-M-Blue	Helios EverCool&trade; Tee-M-Blue	24
MS05-M-Purple	Helios EverCool&trade; Tee-M-Purple	24
MS05-S-Black	Helios EverCool&trade; Tee-S-Black	24
MS05-S-Blue	Helios EverCool&trade; Tee-S-Blue	24
MS05-S-Purple	Helios EverCool&trade; Tee-S-Purple	24
MS05-XL-Black	Helios EverCool&trade; Tee-XL-Black	24
MS05-XL-Blue	Helios EverCool&trade; Tee-XL-Blue	24
MS05-XL-Purple	Helios EverCool&trade; Tee-XL-Purple	24
MS05-XS-Black	Helios EverCool&trade; Tee-XS-Black	24
MS05-XS-Blue	Helios EverCool&trade; Tee-XS-Blue	24
MS05-XS-Purple	Helios EverCool&trade; Tee-XS-Purple	24
MS06	Zoltan Gym Tee	29
MS06-L-Blue	Zoltan Gym Tee-L-Blue	29
MS06-L-Green	Zoltan Gym Tee-L-Green	29
MS06-L-Yellow	Zoltan Gym Tee-L-Yellow	29
MS06-M-Blue	Zoltan Gym Tee-M-Blue	29
MS06-M-Green	Zoltan Gym Tee-M-Green	29
MS06-M-Yellow	Zoltan Gym Tee-M-Yellow	29
MS06-S-Blue	Zoltan Gym Tee-S-Blue	29
MS06-S-Green	Zoltan Gym Tee-S-Green	29
MS06-S-Yellow	Zoltan Gym Tee-S-Yellow	29
MS06-XL-Blue	Zoltan Gym Tee-XL-Blue	29
MS06-XL-Green	Zoltan Gym Tee-XL-Green	29
MS06-XL-Yellow	Zoltan Gym Tee-XL-Yellow	29
MS06-XS-Blue	Zoltan Gym Tee-XS-Blue	29
MS06-XS-Green	Zoltan Gym Tee-XS-Green	29
MS06-XS-Yellow	Zoltan Gym Tee-XS-Yellow	29
MS07	Deion Long-Sleeve EverCool&trade; Tee	39
MS07-L-Black	Deion Long-Sleeve EverCool&trade; Tee-L-Black	39
MS07-L-Green	Deion Long-Sleeve EverCool&trade; Tee-L-Green	39
MS07-L-White	Deion Long-Sleeve EverCool&trade; Tee-L-White	39
MS07-M-Black	Deion Long-Sleeve EverCool&trade; Tee-M-Black	39
MS07-M-Green	Deion Long-Sleeve EverCool&trade; Tee-M-Green	39
MS07-M-White	Deion Long-Sleeve EverCool&trade; Tee-M-White	39
MS07-S-Black	Deion Long-Sleeve EverCool&trade; Tee-S-Black	39
MS07-S-Green	Deion Long-Sleeve EverCool&trade; Tee-S-Green	39
MS07-S-White	Deion Long-Sleeve EverCool&trade; Tee-S-White	39
MS07-XL-Black	Deion Long-Sleeve EverCool&trade; Tee-XL-Black	39
MS07-XL-Green	Deion Long-Sleeve EverCool&trade; Tee-XL-Green	39
MS07-XL-White	Deion Long-Sleeve EverCool&trade; Tee-XL-White	39
MS07-XS-Black	Deion Long-Sleeve EverCool&trade; Tee-XS-Black	39
MS07-XS-Green	Deion Long-Sleeve EverCool&trade; Tee-XS-Green	39
MS07-XS-White	Deion Long-Sleeve EverCool&trade; Tee-XS-White	39
MS08	Strike Endurance Tee	39
MS08-L-Black	Strike Endurance Tee-L-Black	39
MS08-L-Blue	Strike Endurance Tee-L-Blue	39
MS08-L-Red	Strike Endurance Tee-L-Red	39
MS08-M-Black	Strike Endurance Tee-M-Black	39
MS08-M-Blue	Strike Endurance Tee-M-Blue	39
MS08-M-Red	Strike Endurance Tee-M-Red	39
MS08-S-Black	Strike Endurance Tee-S-Black	39
MS08-S-Blue	Strike Endurance Tee-S-Blue	39
MS08-S-Red	Strike Endurance Tee-S-Red	39
MS08-XL-Black	Strike Endurance Tee-XL-Black	39
MS08-XL-Blue	Strike Endurance Tee-XL-Blue	39
MS08-XL-Red	Strike Endurance Tee-XL-Red	39
MS08-XS-Black	Strike Endurance Tee-XS-Black	39
MS08-XS-Blue	Strike Endurance Tee-XS-Blue	39
MS08-XS-Red	Strike Endurance Tee-XS-Red	39
MS09	Ryker LumaTech&trade; Tee (Crew-neck)	32
MS09-L-Black	Ryker LumaTech&trade; Tee (Crew-neck)-L-Black	32
MS09-L-Blue	Ryker LumaTech&trade; Tee (Crew-neck)-L-Blue	32
MS09-L-Red	Ryker LumaTech&trade; Tee (Crew-neck)-L-Red	32
MS09-M-Black	Ryker LumaTech&trade; Tee (Crew-neck)-M-Black	32
MS09-M-Blue	Ryker LumaTech&trade; Tee (Crew-neck)-M-Blue	32
MS09-M-Red	Ryker LumaTech&trade; Tee (Crew-neck)-M-Red	32
MS09-S-Black	Ryker LumaTech&trade; Tee (Crew-neck)-S-Black	32
MS09-S-Blue	Ryker LumaTech&trade; Tee (Crew-neck)-S-Blue	32
MS09-S-Red	Ryker LumaTech&trade; Tee (Crew-neck)-S-Red	32
MS09-XL-Black	Ryker LumaTech&trade; Tee (Crew-neck)-XL-Black	32
MS09-XL-Blue	Ryker LumaTech&trade; Tee (Crew-neck)-XL-Blue	32
MS09-XL-Red	Ryker LumaTech&trade; Tee (Crew-neck)-XL-Red	32
MS09-XS-Black	Ryker LumaTech&trade; Tee (Crew-neck)-XS-Black	32
MS09-XS-Blue	Ryker LumaTech&trade; Tee (Crew-neck)-XS-Blue	32
MS09-XS-Red	Ryker LumaTech&trade; Tee (Crew-neck)-XS-Red	32
MS10	Logan  HeatTec&reg; Tee	24
MS10-L-Black	Logan  HeatTec&reg; Tee-L-Black	24
MS10-L-Blue	Logan  HeatTec&reg; Tee-L-Blue	24
MS10-L-Red	Logan  HeatTec&reg; Tee-L-Red	24
MS10-M-Black	Logan  HeatTec&reg; Tee-M-Black	24
MS10-M-Blue	Logan  HeatTec&reg; Tee-M-Blue	24
MS10-M-Red	Logan  HeatTec&reg; Tee-M-Red	24
MS10-S-Black	Logan  HeatTec&reg; Tee-S-Black	24
MS10-S-Blue	Logan  HeatTec&reg; Tee-S-Blue	24
MS10-S-Red	Logan  HeatTec&reg; Tee-S-Red	24
MS10-XL-Black	Logan  HeatTec&reg; Tee-XL-Black	24
MS10-XL-Blue	Logan  HeatTec&reg; Tee-XL-Blue	24
MS10-XL-Red	Logan  HeatTec&reg; Tee-XL-Red	24
MS10-XS-Black	Logan  HeatTec&reg; Tee-XS-Black	24
MS10-XS-Blue	Logan  HeatTec&reg; Tee-XS-Blue	24
MS10-XS-Red	Logan  HeatTec&reg; Tee-XS-Red	24
MS11	Atomic Endurance Running Tee (V-neck)	28
MS11-L-Blue	Atomic Endurance Running Tee (V-neck)-L-Blue	28
MS11-L-Green	Atomic Endurance Running Tee (V-neck)-L-Green	28
MS11-L-Yellow	Atomic Endurance Running Tee (V-neck)-L-Yellow	28
MS11-M-Blue	Atomic Endurance Running Tee (V-neck)-M-Blue	28
MS11-M-Green	Atomic Endurance Running Tee (V-neck)-M-Green	28
MS11-M-Yellow	Atomic Endurance Running Tee (V-neck)-M-Yellow	28
MS11-S-Blue	Atomic Endurance Running Tee (V-neck)-S-Blue	28
MS11-S-Green	Atomic Endurance Running Tee (V-neck)-S-Green	28
MS11-S-Yellow	Atomic Endurance Running Tee (V-neck)-S-Yellow	28
MS11-XL-Blue	Atomic Endurance Running Tee (V-neck)-XL-Blue	28
MS11-XL-Green	Atomic Endurance Running Tee (V-neck)-XL-Green	28
MS11-XL-Yellow	Atomic Endurance Running Tee (V-neck)-XL-Yellow	28
MS11-XS-Blue	Atomic Endurance Running Tee (V-neck)-XS-Blue	28
MS11-XS-Green	Atomic Endurance Running Tee (V-neck)-XS-Green	28
MS11-XS-Yellow	Atomic Endurance Running Tee (V-neck)-XS-Yellow	28
MS12	Atomic Endurance Running Tee (Crew-Neck)	29
MS12-L-Black	Atomic Endurance Running Tee (Crew-Neck)-L-Black	29
MS12-L-Blue	Atomic Endurance Running Tee (Crew-Neck)-L-Blue	29
MS12-L-Red	Atomic Endurance Running Tee (Crew-Neck)-L-Red	29
MS12-M-Black	Atomic Endurance Running Tee (Crew-Neck)-M-Black	29
MS12-M-Blue	Atomic Endurance Running Tee (Crew-Neck)-M-Blue	29
MS12-M-Red	Atomic Endurance Running Tee (Crew-Neck)-M-Red	29
MS12-S-Black	Atomic Endurance Running Tee (Crew-Neck)-S-Black	29
MS12-S-Blue	Atomic Endurance Running Tee (Crew-Neck)-S-Blue	29
MS12-S-Red	Atomic Endurance Running Tee (Crew-Neck)-S-Red	29
MS12-XL-Black	Atomic Endurance Running Tee (Crew-Neck)-XL-Black	29
MS12-XL-Blue	Atomic Endurance Running Tee (Crew-Neck)-XL-Blue	29
MS12-XL-Red	Atomic Endurance Running Tee (Crew-Neck)-XL-Red	29
MS12-XS-Black	Atomic Endurance Running Tee (Crew-Neck)-XS-Black	29
MS12-XS-Blue	Atomic Endurance Running Tee (Crew-Neck)-XS-Blue	29
MS12-XS-Red	Atomic Endurance Running Tee (Crew-Neck)-XS-Red	29
MSH01	Cobalt CoolTech&trade; Fitness Short	44
MSH01-32-Black	Cobalt CoolTech&trade; Fitness Short-32-Black	44
MSH01-32-Blue	Cobalt CoolTech&trade; Fitness Short-32-Blue	44
MSH01-32-Red	Cobalt CoolTech&trade; Fitness Short-32-Red	44
MSH01-33-Black	Cobalt CoolTech&trade; Fitness Short-33-Black	44
MSH01-33-Blue	Cobalt CoolTech&trade; Fitness Short-33-Blue	44
MSH01-33-Red	Cobalt CoolTech&trade; Fitness Short-33-Red	44
MSH01-34-Black	Cobalt CoolTech&trade; Fitness Short-34-Black	44
MSH01-34-Blue	Cobalt CoolTech&trade; Fitness Short-34-Blue	44
MSH01-34-Red	Cobalt CoolTech&trade; Fitness Short-34-Red	44
MSH01-36-Black	Cobalt CoolTech&trade; Fitness Short-36-Black	44
MSH01-36-Blue	Cobalt CoolTech&trade; Fitness Short-36-Blue	44
MSH01-36-Red	Cobalt CoolTech&trade; Fitness Short-36-Red	44
MSH02	Apollo Running Short	32.5
MSH02-32-Black	Apollo Running Short-32-Black	32.5
MSH02-33-Black	Apollo Running Short-33-Black	32.5
MSH02-34-Black	Apollo Running Short-34-Black	32.5
MSH02-36-Black	Apollo Running Short-36-Black	32.5
MSH03	Meteor Workout Short	32.5
MSH03-32-Black	Meteor Workout Short-32-Black	32.5
MSH03-32-Blue	Meteor Workout Short-32-Blue	32.5
MSH03-32-Green	Meteor Workout Short-32-Green	32.5
MSH03-33-Black	Meteor Workout Short-33-Black	32.5
MSH03-33-Blue	Meteor Workout Short-33-Blue	32.5
MSH03-33-Green	Meteor Workout Short-33-Green	32.5
MSH03-34-Black	Meteor Workout Short-34-Black	32.5
MSH03-34-Blue	Meteor Workout Short-34-Blue	32.5
MSH03-34-Green	Meteor Workout Short-34-Green	32.5
MSH03-36-Black	Meteor Workout Short-36-Black	32.5
MSH03-36-Blue	Meteor Workout Short-36-Blue	32.5
MSH03-36-Green	Meteor Workout Short-36-Green	32.5
MSH04	Torque Power Short	32.5
MSH04-32-Gray	Torque Power Short-32-Gray	32.5
MSH04-32-Purple	Torque Power Short-32-Purple	32.5
MSH04-32-Yellow	Torque Power Short-32-Yellow	32.5
MSH04-33-Gray	Torque Power Short-33-Gray	32.5
MSH04-33-Purple	Torque Power Short-33-Purple	32.5
MSH04-33-Yellow	Torque Power Short-33-Yellow	32.5
MSH04-34-Gray	Torque Power Short-34-Gray	32.5
MSH04-34-Purple	Torque Power Short-34-Purple	32.5
MSH04-34-Yellow	Torque Power Short-34-Yellow	32.5
MSH04-36-Gray	Torque Power Short-36-Gray	32.5
MSH04-36-Purple	Torque Power Short-36-Purple	32.5
MSH04-36-Yellow	Torque Power Short-36-Yellow	32.5
MSH05	Hawkeye Yoga Short	29
MSH05-32-Black	Hawkeye Yoga Short-32-Black	29
MSH05-32-Blue	Hawkeye Yoga Short-32-Blue	29
MSH05-32-Gray	Hawkeye Yoga Short-32-Gray	29
MSH05-33-Black	Hawkeye Yoga Short-33-Black	29
MSH05-33-Blue	Hawkeye Yoga Short-33-Blue	29
MSH05-33-Gray	Hawkeye Yoga Short-33-Gray	29
MSH05-34-Black	Hawkeye Yoga Short-34-Black	29
MSH05-34-Blue	Hawkeye Yoga Short-34-Blue	29
MSH05-34-Gray	Hawkeye Yoga Short-34-Gray	29
MSH05-36-Black	Hawkeye Yoga Short-36-Black	29
MSH05-36-Blue	Hawkeye Yoga Short-36-Blue	29
MSH05-36-Gray	Hawkeye Yoga Short-36-Gray	29
MSH06	Lono Yoga Short	32
MSH06-32-Blue	Lono Yoga Short-32-Blue	32
MSH06-32-Gray	Lono Yoga Short-32-Gray	32
MSH06-32-Red	Lono Yoga Short-32-Red	32
MSH06-33-Blue	Lono Yoga Short-33-Blue	32
MSH06-33-Gray	Lono Yoga Short-33-Gray	32
MSH06-33-Red	Lono Yoga Short-33-Red	32
MSH06-34-Blue	Lono Yoga Short-34-Blue	32
MSH06-34-Gray	Lono Yoga Short-34-Gray	32
MSH06-34-Red	Lono Yoga Short-34-Red	32
MSH06-36-Blue	Lono Yoga Short-36-Blue	32
MSH06-36-Gray	Lono Yoga Short-36-Gray	32
MSH06-36-Red	Lono Yoga Short-36-Red	32
MSH07	Rapha  Sports Short	35
MSH07-32-Black	Rapha  Sports Short-32-Black	35
MSH07-32-Blue	Rapha  Sports Short-32-Blue	35
MSH07-32-Purple	Rapha  Sports Short-32-Purple	35
MSH07-33-Black	Rapha  Sports Short-33-Black	35
MSH07-33-Blue	Rapha  Sports Short-33-Blue	35
MSH07-33-Purple	Rapha  Sports Short-33-Purple	35
MSH07-34-Black	Rapha  Sports Short-34-Black	35
MSH07-34-Blue	Rapha  Sports Short-34-Blue	35
MSH07-34-Purple	Rapha  Sports Short-34-Purple	35
MSH07-36-Black	Rapha  Sports Short-36-Black	35
MSH07-36-Blue	Rapha  Sports Short-36-Blue	35
MSH07-36-Purple	Rapha  Sports Short-36-Purple	35
MSH08	Orestes Fitness Short	35
MSH08-32-Black	Orestes Fitness Short-32-Black	35
MSH08-32-Blue	Orestes Fitness Short-32-Blue	35
MSH08-32-Green	Orestes Fitness Short-32-Green	35
MSH08-33-Black	Orestes Fitness Short-33-Black	35
MSH08-33-Blue	Orestes Fitness Short-33-Blue	35
MSH08-33-Green	Orestes Fitness Short-33-Green	35
MSH08-34-Black	Orestes Fitness Short-34-Black	35
MSH08-34-Blue	Orestes Fitness Short-34-Blue	35
MSH08-34-Green	Orestes Fitness Short-34-Green	35
MSH08-36-Black	Orestes Fitness Short-36-Black	35
MSH08-36-Blue	Orestes Fitness Short-36-Blue	35
MSH08-36-Green	Orestes Fitness Short-36-Green	35
MSH09	Troy Yoga Short	24
MSH09-32-Black	Troy Yoga Short-32-Black	24
MSH09-32-Blue	Troy Yoga Short-32-Blue	24
MSH09-32-Green	Troy Yoga Short-32-Green	24
MSH09-33-Black	Troy Yoga Short-33-Black	24
MSH09-33-Blue	Troy Yoga Short-33-Blue	24
MSH09-33-Green	Troy Yoga Short-33-Green	24
MSH09-34-Black	Troy Yoga Short-34-Black	24
MSH09-34-Blue	Troy Yoga Short-34-Blue	24
MSH09-34-Green	Troy Yoga Short-34-Green	24
MSH09-36-Black	Troy Yoga Short-36-Black	24
MSH09-36-Blue	Troy Yoga Short-36-Blue	24
MSH09-36-Green	Troy Yoga Short-36-Green	24
MSH10	Sol Active Short	32
MSH10-32-Blue	Sol Active Short-32-Blue	32
MSH10-32-Green	Sol Active Short-32-Green	32
MSH10-32-Purple	Sol Active Short-32-Purple	32
MSH10-33-Blue	Sol Active Short-33-Blue	32
MSH10-33-Green	Sol Active Short-33-Green	32
MSH10-33-Purple	Sol Active Short-33-Purple	32
MSH10-34-Blue	Sol Active Short-34-Blue	32
MSH10-34-Green	Sol Active Short-34-Green	32
MSH10-34-Purple	Sol Active Short-34-Purple	32
MSH10-36-Blue	Sol Active Short-36-Blue	32
MSH10-36-Green	Sol Active Short-36-Green	32
MSH10-36-Purple	Sol Active Short-36-Purple	32
MSH11	Arcadio Gym Short	20
MSH11-32-Black	Arcadio Gym Short-32-Black	20
MSH11-32-Blue	Arcadio Gym Short-32-Blue	20
MSH11-32-Red	Arcadio Gym Short-32-Red	20
MSH11-33-Black	Arcadio Gym Short-33-Black	20
MSH11-33-Blue	Arcadio Gym Short-33-Blue	20
MSH11-33-Red	Arcadio Gym Short-33-Red	20
MSH11-34-Black	Arcadio Gym Short-34-Black	20
MSH11-34-Blue	Arcadio Gym Short-34-Blue	20
MSH11-34-Red	Arcadio Gym Short-34-Red	20
MSH11-36-Black	Arcadio Gym Short-36-Black	20
MSH11-36-Blue	Arcadio Gym Short-36-Blue	20
MSH11-36-Red	Arcadio Gym Short-36-Red	20
MSH12	Pierce Gym Short	27
MSH12-32-Black	Pierce Gym Short-32-Black	27
MSH12-32-Gray	Pierce Gym Short-32-Gray	27
MSH12-32-Red	Pierce Gym Short-32-Red	27
MSH12-33-Black	Pierce Gym Short-33-Black	27
MSH12-33-Gray	Pierce Gym Short-33-Gray	27
MSH12-33-Red	Pierce Gym Short-33-Red	27
MSH12-34-Black	Pierce Gym Short-34-Black	27
MSH12-34-Gray	Pierce Gym Short-34-Gray	27
MSH12-34-Red	Pierce Gym Short-34-Red	27
MSH12-36-Black	Pierce Gym Short-36-Black	27
MSH12-36-Gray	Pierce Gym Short-36-Gray	27
MSH12-36-Red	Pierce Gym Short-36-Red	27
MT01	Erikssen CoolTech&trade; Fitness Tank	29
MT01-L-Gray	Erikssen CoolTech&trade; Fitness Tank-L-Gray	29
MT01-L-Orange	Erikssen CoolTech&trade; Fitness Tank-L-Orange	29
MT01-L-Red	Erikssen CoolTech&trade; Fitness Tank-L-Red	29
MT01-M-Gray	Erikssen CoolTech&trade; Fitness Tank-M-Gray	29
MT01-M-Orange	Erikssen CoolTech&trade; Fitness Tank-M-Orange	29
MT01-M-Red	Erikssen CoolTech&trade; Fitness Tank-M-Red	29
MT01-S-Gray	Erikssen CoolTech&trade; Fitness Tank-S-Gray	29
MT01-S-Orange	Erikssen CoolTech&trade; Fitness Tank-S-Orange	29
MT01-S-Red	Erikssen CoolTech&trade; Fitness Tank-S-Red	29
MT01-XL-Gray	Erikssen CoolTech&trade; Fitness Tank-XL-Gray	29
MT01-XL-Orange	Erikssen CoolTech&trade; Fitness Tank-XL-Orange	29
MT01-XL-Red	Erikssen CoolTech&trade; Fitness Tank-XL-Red	29
MT01-XS-Gray	Erikssen CoolTech&trade; Fitness Tank-XS-Gray	29
MT01-XS-Orange	Erikssen CoolTech&trade; Fitness Tank-XS-Orange	29
MT01-XS-Red	Erikssen CoolTech&trade; Fitness Tank-XS-Red	29
MT02	Tristan Endurance Tank	29
MT02-L-Gray	Tristan Endurance Tank-L-Gray	29
MT02-L-Red	Tristan Endurance Tank-L-Red	29
MT02-L-White	Tristan Endurance Tank-L-White	29
MT02-M-Gray	Tristan Endurance Tank-M-Gray	29
MT02-M-Red	Tristan Endurance Tank-M-Red	29
MT02-M-White	Tristan Endurance Tank-M-White	29
MT02-S-Gray	Tristan Endurance Tank-S-Gray	29
MT02-S-Red	Tristan Endurance Tank-S-Red	29
MT02-S-White	Tristan Endurance Tank-S-White	29
MT02-XL-Gray	Tristan Endurance Tank-XL-Gray	29
MT02-XL-Red	Tristan Endurance Tank-XL-Red	29
MT02-XL-White	Tristan Endurance Tank-XL-White	29
MT02-XS-Gray	Tristan Endurance Tank-XS-Gray	29
MT02-XS-Red	Tristan Endurance Tank-XS-Red	29
MT02-XS-White	Tristan Endurance Tank-XS-White	29
MT03	Primo Endurance Tank	29
MT03-L-Blue	Primo Endurance Tank-L-Blue	29
MT03-L-Red	Primo Endurance Tank-L-Red	29
MT03-L-Yellow	Primo Endurance Tank-L-Yellow	29
MT03-M-Blue	Primo Endurance Tank-M-Blue	29
MT03-M-Red	Primo Endurance Tank-M-Red	29
MT03-M-Yellow	Primo Endurance Tank-M-Yellow	29
MT03-S-Blue	Primo Endurance Tank-S-Blue	29
MT03-S-Red	Primo Endurance Tank-S-Red	29
MT03-S-Yellow	Primo Endurance Tank-S-Yellow	29
MT03-XL-Blue	Primo Endurance Tank-XL-Blue	29
MT03-XL-Red	Primo Endurance Tank-XL-Red	29
MT03-XL-Yellow	Primo Endurance Tank-XL-Yellow	29
MT03-XS-Blue	Primo Endurance Tank-XS-Blue	29
MT03-XS-Red	Primo Endurance Tank-XS-Red	29
MT03-XS-Yellow	Primo Endurance Tank-XS-Yellow	29
MT04	Helios Endurance Tank	32
MT04-L-Blue	Helios Endurance Tank-L-Blue	32
MT04-M-Blue	Helios Endurance Tank-M-Blue	32
MT04-S-Blue	Helios Endurance Tank-S-Blue	32
MT04-XL-Blue	Helios Endurance Tank-XL-Blue	32
MT04-XS-Blue	Helios Endurance Tank-XS-Blue	32
MT05	Rocco Gym Tank	24
MT05-L-Blue	Rocco Gym Tank-L-Blue	24
MT05-M-Blue	Rocco Gym Tank-M-Blue	24
MT05-S-Blue	Rocco Gym Tank-S-Blue	24
MT05-XL-Blue	Rocco Gym Tank-XL-Blue	24
MT05-XS-Blue	Rocco Gym Tank-XS-Blue	24
MT06	Vulcan Weightlifting Tank	28
MT06-L-Black	Vulcan Weightlifting Tank-L-Black	28
MT06-M-Black	Vulcan Weightlifting Tank-M-Black	28
MT06-S-Black	Vulcan Weightlifting Tank-S-Black	28
MT06-XL-Black	Vulcan Weightlifting Tank-XL-Black	28
MT06-XS-Black	Vulcan Weightlifting Tank-XS-Black	28
MT07	Argus All-Weather Tank	22
MT07-L-Gray	Argus All-Weather Tank-L-Gray	22
MT07-M-Gray	Argus All-Weather Tank-M-Gray	22
MT07-S-Gray	Argus All-Weather Tank-S-Gray	22
MT07-XL-Gray	Argus All-Weather Tank-XL-Gray	22
MT07-XS-Gray	Argus All-Weather Tank-XS-Gray	22
MT08	Sparta Gym Tank	29
MT08-L-Green	Sparta Gym Tank-L-Green	29
MT08-M-Green	Sparta Gym Tank-M-Green	29
MT08-S-Green	Sparta Gym Tank-S-Green	29
MT08-XL-Green	Sparta Gym Tank-XL-Green	29
MT08-XS-Green	Sparta Gym Tank-XS-Green	29
MT09	Sinbad Fitness Tank	29
MT09-L-Blue	Sinbad Fitness Tank-L-Blue	29
MT09-M-Blue	Sinbad Fitness Tank-M-Blue	29
MT09-S-Blue	Sinbad Fitness Tank-S-Blue	29
MT09-XL-Blue	Sinbad Fitness Tank-XL-Blue	29
MT09-XS-Blue	Sinbad Fitness Tank-XS-Blue	29
MT10	Tiberius Gym Tank	18
MT10-L-Yellow	Tiberius Gym Tank-L-Yellow	18
MT10-M-Yellow	Tiberius Gym Tank-M-Yellow	18
MT10-S-Yellow	Tiberius Gym Tank-S-Yellow	18
MT10-XL-Yellow	Tiberius Gym Tank-XL-Yellow	18
MT10-XS-Yellow	Tiberius Gym Tank-XS-Yellow	18
MT11	Atlas Fitness Tank	18
MT11-L-Blue	Atlas Fitness Tank-L-Blue	18
MT11-M-Blue	Atlas Fitness Tank-M-Blue	18
MT11-S-Blue	Atlas Fitness Tank-S-Blue	18
MT11-XL-Blue	Atlas Fitness Tank-XL-Blue	18
MT11-XS-Blue	Atlas Fitness Tank-XS-Blue	18
MT12	Cassius Sparring Tank	18
MT12-L-Blue	Cassius Sparring Tank-L-Blue	18
MT12-M-Blue	Cassius Sparring Tank-M-Blue	18
MT12-S-Blue	Cassius Sparring Tank-S-Blue	18
MT12-XL-Blue	Cassius Sparring Tank-XL-Blue	18
MT12-XS-Blue	Cassius Sparring Tank-XS-Blue	18
WB01	Electra Bra Top	39
WB01-L-Black	Electra Bra Top-L-Black	39
WB01-L-Gray	Electra Bra Top-L-Gray	39
WB01-L-Purple	Electra Bra Top-L-Purple	39
WB01-M-Black	Electra Bra Top-M-Black	39
WB01-M-Gray	Electra Bra Top-M-Gray	39
WB01-M-Purple	Electra Bra Top-M-Purple	39
WB01-S-Black	Electra Bra Top-S-Black	39
WB01-S-Gray	Electra Bra Top-S-Gray	39
WB01-S-Purple	Electra Bra Top-S-Purple	39
WB01-XL-Black	Electra Bra Top-XL-Black	39
WB01-XL-Gray	Electra Bra Top-XL-Gray	39
WB01-XL-Purple	Electra Bra Top-XL-Purple	39
WB01-XS-Black	Electra Bra Top-XS-Black	39
WB01-XS-Gray	Electra Bra Top-XS-Gray	39
WB01-XS-Purple	Electra Bra Top-XS-Purple	39
WB02	Erica Evercool Sports Bra	39
WB02-L-Blue	Erica Evercool Sports Bra-L-Blue	39
WB02-L-Orange	Erica Evercool Sports Bra-L-Orange	39
WB02-L-Yellow	Erica Evercool Sports Bra-L-Yellow	39
WB02-M-Blue	Erica Evercool Sports Bra-M-Blue	39
WB02-M-Orange	Erica Evercool Sports Bra-M-Orange	39
WB02-M-Yellow	Erica Evercool Sports Bra-M-Yellow	39
WB02-S-Blue	Erica Evercool Sports Bra-S-Blue	39
WB02-S-Orange	Erica Evercool Sports Bra-S-Orange	39
WB02-S-Yellow	Erica Evercool Sports Bra-S-Yellow	39
WB02-XL-Blue	Erica Evercool Sports Bra-XL-Blue	39
WB02-XL-Orange	Erica Evercool Sports Bra-XL-Orange	39
WB02-XL-Yellow	Erica Evercool Sports Bra-XL-Yellow	39
WB02-XS-Blue	Erica Evercool Sports Bra-XS-Blue	39
WB02-XS-Orange	Erica Evercool Sports Bra-XS-Orange	39
WB02-XS-Yellow	Erica Evercool Sports Bra-XS-Yellow	39
WB03	Celeste Sports Bra	39
WB03-L-Green	Celeste Sports Bra-L-Green	39
WB03-L-Red	Celeste Sports Bra-L-Red	39
WB03-L-Yellow	Celeste Sports Bra-L-Yellow	39
WB03-M-Green	Celeste Sports Bra-M-Green	39
WB03-M-Red	Celeste Sports Bra-M-Red	39
WB03-M-Yellow	Celeste Sports Bra-M-Yellow	39
WB03-S-Green	Celeste Sports Bra-S-Green	39
WB03-S-Red	Celeste Sports Bra-S-Red	39
WB03-S-Yellow	Celeste Sports Bra-S-Yellow	39
WB03-XL-Green	Celeste Sports Bra-XL-Green	39
WB03-XL-Red	Celeste Sports Bra-XL-Red	39
WB03-XL-Yellow	Celeste Sports Bra-XL-Yellow	39
WB03-XS-Green	Celeste Sports Bra-XS-Green	39
WB03-XS-Red	Celeste Sports Bra-XS-Red	39
WB03-XS-Yellow	Celeste Sports Bra-XS-Yellow	39
WB04	Prima Compete Bra Top	24
WB04-L-Blue	Prima Compete Bra Top-L-Blue	24
WB04-L-Purple	Prima Compete Bra Top-L-Purple	24
WB04-L-Yellow	Prima Compete Bra Top-L-Yellow	24
WB04-M-Blue	Prima Compete Bra Top-M-Blue	24
WB04-M-Purple	Prima Compete Bra Top-M-Purple	24
WB04-M-Yellow	Prima Compete Bra Top-M-Yellow	24
WB04-S-Blue	Prima Compete Bra Top-S-Blue	24
WB04-S-Purple	Prima Compete Bra Top-S-Purple	24
WB04-S-Yellow	Prima Compete Bra Top-S-Yellow	24
WB04-XL-Blue	Prima Compete Bra Top-XL-Blue	24
WB04-XL-Purple	Prima Compete Bra Top-XL-Purple	24
WB04-XL-Yellow	Prima Compete Bra Top-XL-Yellow	24
WB04-XS-Blue	Prima Compete Bra Top-XS-Blue	24
WB04-XS-Purple	Prima Compete Bra Top-XS-Purple	24
WB04-XS-Yellow	Prima Compete Bra Top-XS-Yellow	24
WB05	Lucia Cross-Fit Bra 	39
WB05-L-Black	Lucia Cross-Fit Bra -L-Black	39
WB05-L-Orange	Lucia Cross-Fit Bra -L-Orange	39
WB05-L-Purple	Lucia Cross-Fit Bra -L-Purple	39
WB05-M-Black	Lucia Cross-Fit Bra -M-Black	39
WB05-M-Orange	Lucia Cross-Fit Bra -M-Orange	39
WB05-M-Purple	Lucia Cross-Fit Bra -M-Purple	39
WB05-S-Black	Lucia Cross-Fit Bra -S-Black	39
WB05-S-Orange	Lucia Cross-Fit Bra -S-Orange	39
WB05-S-Purple	Lucia Cross-Fit Bra -S-Purple	39
WB05-XL-Black	Lucia Cross-Fit Bra -XL-Black	39
WB05-XL-Orange	Lucia Cross-Fit Bra -XL-Orange	39
WB05-XL-Purple	Lucia Cross-Fit Bra -XL-Purple	39
WB05-XS-Black	Lucia Cross-Fit Bra -XS-Black	39
WB05-XS-Orange	Lucia Cross-Fit Bra -XS-Orange	39
WB05-XS-Purple	Lucia Cross-Fit Bra -XS-Purple	39
WH01	Mona Pullover Hoodlie	57
WH01-L-Green	Mona Pullover Hoodlie-L-Green	57
WH01-L-Orange	Mona Pullover Hoodlie-L-Orange	57
WH01-L-Purple	Mona Pullover Hoodlie-L-Purple	57
WH01-M-Green	Mona Pullover Hoodlie-M-Green	57
WH01-M-Orange	Mona Pullover Hoodlie-M-Orange	57
WH01-M-Purple	Mona Pullover Hoodlie-M-Purple	57
WH01-S-Green	Mona Pullover Hoodlie-S-Green	57
WH01-S-Orange	Mona Pullover Hoodlie-S-Orange	57
WH01-S-Purple	Mona Pullover Hoodlie-S-Purple	57
WH01-XL-Green	Mona Pullover Hoodlie-XL-Green	57
WH01-XL-Orange	Mona Pullover Hoodlie-XL-Orange	57
WH01-XL-Purple	Mona Pullover Hoodlie-XL-Purple	57
WH01-XS-Green	Mona Pullover Hoodlie-XS-Green	57
WH01-XS-Orange	Mona Pullover Hoodlie-XS-Orange	57
WH01-XS-Purple	Mona Pullover Hoodlie-XS-Purple	57
WH02	Hera Pullover Hoodie	48
WH02-L-Blue	Hera Pullover Hoodie-L-Blue	48
WH02-L-Green	Hera Pullover Hoodie-L-Green	48
WH02-L-Orange	Hera Pullover Hoodie-L-Orange	48
WH02-M-Blue	Hera Pullover Hoodie-M-Blue	48
WH02-M-Green	Hera Pullover Hoodie-M-Green	48
WH02-M-Orange	Hera Pullover Hoodie-M-Orange	48
WH02-S-Blue	Hera Pullover Hoodie-S-Blue	48
WH02-S-Green	Hera Pullover Hoodie-S-Green	48
WH02-S-Orange	Hera Pullover Hoodie-S-Orange	48
WH02-XL-Blue	Hera Pullover Hoodie-XL-Blue	48
WH02-XL-Green	Hera Pullover Hoodie-XL-Green	48
WH02-XL-Orange	Hera Pullover Hoodie-XL-Orange	48
WH02-XS-Blue	Hera Pullover Hoodie-XS-Blue	48
WH02-XS-Green	Hera Pullover Hoodie-XS-Green	48
WH02-XS-Orange	Hera Pullover Hoodie-XS-Orange	48
WH03	Autumn Pullie	57
WH03-L-Green	Autumn Pullie-L-Green	57
WH03-L-Purple	Autumn Pullie-L-Purple	57
WH03-L-Red	Autumn Pullie-L-Red	57
WH03-M-Green	Autumn Pullie-M-Green	57
WH03-M-Purple	Autumn Pullie-M-Purple	57
WH03-M-Red	Autumn Pullie-M-Red	57
WH03-S-Green	Autumn Pullie-S-Green	57
WH03-S-Purple	Autumn Pullie-S-Purple	57
WH03-S-Red	Autumn Pullie-S-Red	57
WH03-XL-Green	Autumn Pullie-XL-Green	57
WH03-XL-Purple	Autumn Pullie-XL-Purple	57
WH03-XL-Red	Autumn Pullie-XL-Red	57
WH03-XS-Green	Autumn Pullie-XS-Green	57
WH03-XS-Purple	Autumn Pullie-XS-Purple	57
WH03-XS-Red	Autumn Pullie-XS-Red	57
WH04	Miko Pullover Hoodie	69
WH04-L-Blue	Miko Pullover Hoodie-L-Blue	69
WH04-L-Orange	Miko Pullover Hoodie-L-Orange	69
WH04-L-Purple	Miko Pullover Hoodie-L-Purple	69
WH04-M-Blue	Miko Pullover Hoodie-M-Blue	69
WH04-M-Orange	Miko Pullover Hoodie-M-Orange	69
WH04-M-Purple	Miko Pullover Hoodie-M-Purple	69
WH04-S-Blue	Miko Pullover Hoodie-S-Blue	69
WH04-S-Orange	Miko Pullover Hoodie-S-Orange	69
WH04-S-Purple	Miko Pullover Hoodie-S-Purple	69
WH04-XL-Blue	Miko Pullover Hoodie-XL-Blue	69
WH04-XL-Orange	Miko Pullover Hoodie-XL-Orange	69
WH04-XL-Purple	Miko Pullover Hoodie-XL-Purple	69
WH04-XS-Blue	Miko Pullover Hoodie-XS-Blue	69
WH04-XS-Orange	Miko Pullover Hoodie-XS-Orange	69
WH04-XS-Purple	Miko Pullover Hoodie-XS-Purple	69
WH05	Selene Yoga Hoodie	42
WH05-L-Orange	Selene Yoga Hoodie-L-Orange	42
WH05-L-Purple	Selene Yoga Hoodie-L-Purple	42
WH05-L-White	Selene Yoga Hoodie-L-White	42
WH05-M-Orange	Selene Yoga Hoodie-M-Orange	42
WH05-M-Purple	Selene Yoga Hoodie-M-Purple	42
WH05-M-White	Selene Yoga Hoodie-M-White	42
WH05-S-Orange	Selene Yoga Hoodie-S-Orange	42
WH05-S-Purple	Selene Yoga Hoodie-S-Purple	42
WH05-S-White	Selene Yoga Hoodie-S-White	42
WH05-XL-Orange	Selene Yoga Hoodie-XL-Orange	42
WH05-XL-Purple	Selene Yoga Hoodie-XL-Purple	42
WH05-XL-White	Selene Yoga Hoodie-XL-White	42
WH05-XS-Orange	Selene Yoga Hoodie-XS-Orange	42
WH05-XS-Purple	Selene Yoga Hoodie-XS-Purple	42
WH05-XS-White	Selene Yoga Hoodie-XS-White	42
WH06	Daphne Full-Zip Hoodie	59
WH06-L-Purple	Daphne Full-Zip Hoodie-L-Purple	59
WH06-M-Purple	Daphne Full-Zip Hoodie-M-Purple	59
WH06-S-Purple	Daphne Full-Zip Hoodie-S-Purple	59
WH06-XL-Purple	Daphne Full-Zip Hoodie-XL-Purple	59
WH06-XS-Purple	Daphne Full-Zip Hoodie-XS-Purple	59
WH07	Phoebe Zipper Sweatshirt	59
WH07-L-Gray	Phoebe Zipper Sweatshirt-L-Gray	59
WH07-L-Purple	Phoebe Zipper Sweatshirt-L-Purple	59
WH07-L-White	Phoebe Zipper Sweatshirt-L-White	59
WH07-M-Gray	Phoebe Zipper Sweatshirt-M-Gray	59
WH07-M-Purple	Phoebe Zipper Sweatshirt-M-Purple	59
WH07-M-White	Phoebe Zipper Sweatshirt-M-White	59
WH07-S-Gray	Phoebe Zipper Sweatshirt-S-Gray	59
WH07-S-Purple	Phoebe Zipper Sweatshirt-S-Purple	59
WH07-S-White	Phoebe Zipper Sweatshirt-S-White	59
WH07-XL-Gray	Phoebe Zipper Sweatshirt-XL-Gray	59
WH07-XL-Purple	Phoebe Zipper Sweatshirt-XL-Purple	59
WH07-XL-White	Phoebe Zipper Sweatshirt-XL-White	59
WH07-XS-Gray	Phoebe Zipper Sweatshirt-XS-Gray	59
WH07-XS-Purple	Phoebe Zipper Sweatshirt-XS-Purple	59
WH07-XS-White	Phoebe Zipper Sweatshirt-XS-White	59
WH08	Cassia Funnel Sweatshirt	48
WH08-L-Orange	Cassia Funnel Sweatshirt-L-Orange	48
WH08-L-Purple	Cassia Funnel Sweatshirt-L-Purple	48
WH08-L-White	Cassia Funnel Sweatshirt-L-White	48
WH08-M-Orange	Cassia Funnel Sweatshirt-M-Orange	48
WH08-M-Purple	Cassia Funnel Sweatshirt-M-Purple	48
WH08-M-White	Cassia Funnel Sweatshirt-M-White	48
WH08-S-Orange	Cassia Funnel Sweatshirt-S-Orange	48
WH08-S-Purple	Cassia Funnel Sweatshirt-S-Purple	48
WH08-S-White	Cassia Funnel Sweatshirt-S-White	48
WH08-XL-Orange	Cassia Funnel Sweatshirt-XL-Orange	48
WH08-XL-Purple	Cassia Funnel Sweatshirt-XL-Purple	48
WH08-XL-White	Cassia Funnel Sweatshirt-XL-White	48
WH08-XS-Orange	Cassia Funnel Sweatshirt-XS-Orange	48
WH08-XS-Purple	Cassia Funnel Sweatshirt-XS-Purple	48
WH08-XS-White	Cassia Funnel Sweatshirt-XS-White	48
WH09	Ariel Roll Sleeve Sweatshirt	39
WH09-L-Green	Ariel Roll Sleeve Sweatshirt-L-Green	39
WH09-L-Purple	Ariel Roll Sleeve Sweatshirt-L-Purple	39
WH09-L-Red	Ariel Roll Sleeve Sweatshirt-L-Red	39
WH09-M-Green	Ariel Roll Sleeve Sweatshirt-M-Green	39
WH09-M-Purple	Ariel Roll Sleeve Sweatshirt-M-Purple	39
WH09-M-Red	Ariel Roll Sleeve Sweatshirt-M-Red	39
WH09-S-Green	Ariel Roll Sleeve Sweatshirt-S-Green	39
WH09-S-Purple	Ariel Roll Sleeve Sweatshirt-S-Purple	39
WH09-S-Red	Ariel Roll Sleeve Sweatshirt-S-Red	39
WH09-XL-Green	Ariel Roll Sleeve Sweatshirt-XL-Green	39
WH09-XL-Purple	Ariel Roll Sleeve Sweatshirt-XL-Purple	39
WH09-XL-Red	Ariel Roll Sleeve Sweatshirt-XL-Red	39
WH09-XS-Green	Ariel Roll Sleeve Sweatshirt-XS-Green	39
WH09-XS-Purple	Ariel Roll Sleeve Sweatshirt-XS-Purple	39
WH09-XS-Red	Ariel Roll Sleeve Sweatshirt-XS-Red	39
WH10	Helena Hooded Fleece	55
WH10-L-Blue	Helena Hooded Fleece-L-Blue	55
WH10-L-Gray	Helena Hooded Fleece-L-Gray	55
WH10-L-Yellow	Helena Hooded Fleece-L-Yellow	55
WH10-M-Blue	Helena Hooded Fleece-M-Blue	55
WH10-M-Gray	Helena Hooded Fleece-M-Gray	55
WH10-M-Yellow	Helena Hooded Fleece-M-Yellow	55
WH10-S-Blue	Helena Hooded Fleece-S-Blue	55
WH10-S-Gray	Helena Hooded Fleece-S-Gray	55
WH10-S-Yellow	Helena Hooded Fleece-S-Yellow	55
WH10-XL-Blue	Helena Hooded Fleece-XL-Blue	55
WH10-XL-Gray	Helena Hooded Fleece-XL-Gray	55
WH10-XL-Yellow	Helena Hooded Fleece-XL-Yellow	55
WH10-XS-Blue	Helena Hooded Fleece-XS-Blue	55
WH10-XS-Gray	Helena Hooded Fleece-XS-Gray	55
WH10-XS-Yellow	Helena Hooded Fleece-XS-Yellow	55
WH11	Eos V-Neck Hoodie	54
WH11-L-Blue	Eos V-Neck Hoodie-L-Blue	54
WH11-L-Green	Eos V-Neck Hoodie-L-Green	54
WH11-L-Orange	Eos V-Neck Hoodie-L-Orange	54
WH11-M-Blue	Eos V-Neck Hoodie-M-Blue	54
WH11-M-Green	Eos V-Neck Hoodie-M-Green	54
WH11-M-Orange	Eos V-Neck Hoodie-M-Orange	54
WH11-S-Blue	Eos V-Neck Hoodie-S-Blue	54
WH11-S-Green	Eos V-Neck Hoodie-S-Green	54
WH11-S-Orange	Eos V-Neck Hoodie-S-Orange	54
WH11-XL-Blue	Eos V-Neck Hoodie-XL-Blue	54
WH11-XL-Green	Eos V-Neck Hoodie-XL-Green	54
WH11-XL-Orange	Eos V-Neck Hoodie-XL-Orange	54
WH11-XS-Blue	Eos V-Neck Hoodie-XS-Blue	54
WH11-XS-Green	Eos V-Neck Hoodie-XS-Green	54
WH11-XS-Orange	Eos V-Neck Hoodie-XS-Orange	54
WH12	Circe Hooded Ice Fleece	68
WH12-L-Gray	Circe Hooded Ice Fleece-L-Gray	68
WH12-L-Green	Circe Hooded Ice Fleece-L-Green	68
WH12-L-Purple	Circe Hooded Ice Fleece-L-Purple	68
WH12-M-Gray	Circe Hooded Ice Fleece-M-Gray	68
WH12-M-Green	Circe Hooded Ice Fleece-M-Green	68
WH12-M-Purple	Circe Hooded Ice Fleece-M-Purple	68
WH12-S-Gray	Circe Hooded Ice Fleece-S-Gray	68
WH12-S-Green	Circe Hooded Ice Fleece-S-Green	68
WH12-S-Purple	Circe Hooded Ice Fleece-S-Purple	68
WH12-XL-Gray	Circe Hooded Ice Fleece-XL-Gray	68
WH12-XL-Green	Circe Hooded Ice Fleece-XL-Green	68
WH12-XL-Purple	Circe Hooded Ice Fleece-XL-Purple	68
WH12-XS-Gray	Circe Hooded Ice Fleece-XS-Gray	68
WH12-XS-Green	Circe Hooded Ice Fleece-XS-Green	68
WH12-XS-Purple	Circe Hooded Ice Fleece-XS-Purple	68
WJ01	Stellar Solar Jacket	75
WJ01-L-Blue	Stellar Solar Jacket-L-Blue	75
WJ01-L-Red	Stellar Solar Jacket-L-Red	75
WJ01-L-Yellow	Stellar Solar Jacket-L-Yellow	75
WJ01-M-Blue	Stellar Solar Jacket-M-Blue	75
WJ01-M-Red	Stellar Solar Jacket-M-Red	75
WJ01-M-Yellow	Stellar Solar Jacket-M-Yellow	75
WJ01-S-Blue	Stellar Solar Jacket-S-Blue	75
WJ01-S-Red	Stellar Solar Jacket-S-Red	75
WJ01-S-Yellow	Stellar Solar Jacket-S-Yellow	75
WJ02	Josie Yoga Jacket	56.25
WJ02-L-Black	Josie Yoga Jacket-L-Black	56.25
WJ02-L-Blue	Josie Yoga Jacket-L-Blue	56.25
WJ02-L-Gray	Josie Yoga Jacket-L-Gray	56.25
WJ02-M-Black	Josie Yoga Jacket-M-Black	56.25
WJ02-M-Blue	Josie Yoga Jacket-M-Blue	56.25
WJ02-M-Gray	Josie Yoga Jacket-M-Gray	56.25
WJ02-S-Black	Josie Yoga Jacket-S-Black	56.25
WJ02-S-Blue	Josie Yoga Jacket-S-Blue	56.25
WJ02-S-Gray	Josie Yoga Jacket-S-Gray	56.25
WJ02-XL-Black	Josie Yoga Jacket-XL-Black	56.25
WJ02-XL-Blue	Josie Yoga Jacket-XL-Blue	56.25
WJ02-XL-Gray	Josie Yoga Jacket-XL-Gray	56.25
WJ02-XS-Black	Josie Yoga Jacket-XS-Black	56.25
WJ02-XS-Blue	Josie Yoga Jacket-XS-Blue	56.25
WJ02-XS-Gray	Josie Yoga Jacket-XS-Gray	56.25
WJ03	Augusta Pullover Jacket	57
WJ03-L-Blue	Augusta Pullover Jacket-L-Blue	57
WJ03-L-Orange	Augusta Pullover Jacket-L-Orange	57
WJ03-L-Red	Augusta Pullover Jacket-L-Red	57
WJ03-M-Blue	Augusta Pullover Jacket-M-Blue	57
WJ03-M-Orange	Augusta Pullover Jacket-M-Orange	57
WJ03-M-Red	Augusta Pullover Jacket-M-Red	57
WJ03-S-Blue	Augusta Pullover Jacket-S-Blue	57
WJ03-S-Orange	Augusta Pullover Jacket-S-Orange	57
WJ03-S-Red	Augusta Pullover Jacket-S-Red	57
WJ03-XL-Blue	Augusta Pullover Jacket-XL-Blue	57
WJ03-XL-Orange	Augusta Pullover Jacket-XL-Orange	57
WJ03-XL-Red	Augusta Pullover Jacket-XL-Red	57
WJ03-XS-Blue	Augusta Pullover Jacket-XS-Blue	57
WJ03-XS-Orange	Augusta Pullover Jacket-XS-Orange	57
WJ03-XS-Red	Augusta Pullover Jacket-XS-Red	57
WJ04	Ingrid Running Jacket	84
WJ04-L-Orange	Ingrid Running Jacket-L-Orange	84
WJ04-L-Red	Ingrid Running Jacket-L-Red	84
WJ04-L-White	Ingrid Running Jacket-L-White	84
WJ04-M-Orange	Ingrid Running Jacket-M-Orange	84
WJ04-M-Red	Ingrid Running Jacket-M-Red	84
WJ04-M-White	Ingrid Running Jacket-M-White	84
WJ04-S-Orange	Ingrid Running Jacket-S-Orange	84
WJ04-S-Red	Ingrid Running Jacket-S-Red	84
WJ04-S-White	Ingrid Running Jacket-S-White	84
WJ04-XL-Orange	Ingrid Running Jacket-XL-Orange	84
WJ04-XL-Red	Ingrid Running Jacket-XL-Red	84
WJ04-XL-White	Ingrid Running Jacket-XL-White	84
WJ04-XS-Orange	Ingrid Running Jacket-XS-Orange	84
WJ04-XS-Red	Ingrid Running Jacket-XS-Red	84
WJ04-XS-White	Ingrid Running Jacket-XS-White	84
WJ05	Riona Full Zip Jacket	60
WJ05-L-Brown	Riona Full Zip Jacket-L-Brown	60
WJ05-L-Green	Riona Full Zip Jacket-L-Green	60
WJ05-L-Red	Riona Full Zip Jacket-L-Red	60
WJ05-M-Brown	Riona Full Zip Jacket-M-Brown	60
WJ05-M-Green	Riona Full Zip Jacket-M-Green	60
WJ05-M-Red	Riona Full Zip Jacket-M-Red	60
WJ05-S-Brown	Riona Full Zip Jacket-S-Brown	60
WJ05-S-Green	Riona Full Zip Jacket-S-Green	60
WJ05-S-Red	Riona Full Zip Jacket-S-Red	60
WJ05-XL-Brown	Riona Full Zip Jacket-XL-Brown	60
WJ05-XL-Green	Riona Full Zip Jacket-XL-Green	60
WJ05-XL-Red	Riona Full Zip Jacket-XL-Red	60
WJ05-XS-Brown	Riona Full Zip Jacket-XS-Brown	60
WJ05-XS-Green	Riona Full Zip Jacket-XS-Green	60
WJ05-XS-Red	Riona Full Zip Jacket-XS-Red	60
WJ06	Juno Jacket	77
WJ06-L-Blue	Juno Jacket-L-Blue	77
WJ06-L-Green	Juno Jacket-L-Green	77
WJ06-L-Purple	Juno Jacket-L-Purple	77
WJ06-M-Blue	Juno Jacket-M-Blue	77
WJ06-M-Green	Juno Jacket-M-Green	77
WJ06-M-Purple	Juno Jacket-M-Purple	77
WJ06-S-Blue	Juno Jacket-S-Blue	77
WJ06-S-Green	Juno Jacket-S-Green	77
WJ06-S-Purple	Juno Jacket-S-Purple	77
WJ06-XL-Blue	Juno Jacket-XL-Blue	77
WJ06-XL-Green	Juno Jacket-XL-Green	77
WJ06-XL-Purple	Juno Jacket-XL-Purple	77
WJ06-XS-Blue	Juno Jacket-XS-Blue	77
WJ06-XS-Green	Juno Jacket-XS-Green	77
WJ06-XS-Purple	Juno Jacket-XS-Purple	77
WJ07	Inez Full Zip Jacket	59
WJ07-L-Orange	Inez Full Zip Jacket-L-Orange	59
WJ07-L-Purple	Inez Full Zip Jacket-L-Purple	59
WJ07-L-Red	Inez Full Zip Jacket-L-Red	59
WJ07-M-Orange	Inez Full Zip Jacket-M-Orange	59
WJ07-M-Purple	Inez Full Zip Jacket-M-Purple	59
WJ07-M-Red	Inez Full Zip Jacket-M-Red	59
WJ07-S-Orange	Inez Full Zip Jacket-S-Orange	59
WJ07-S-Purple	Inez Full Zip Jacket-S-Purple	59
WJ07-S-Red	Inez Full Zip Jacket-S-Red	59
WJ07-XL-Orange	Inez Full Zip Jacket-XL-Orange	59
WJ07-XL-Purple	Inez Full Zip Jacket-XL-Purple	59
WJ07-XL-Red	Inez Full Zip Jacket-XL-Red	59
WJ07-XS-Orange	Inez Full Zip Jacket-XS-Orange	59
WJ07-XS-Purple	Inez Full Zip Jacket-XS-Purple	59
WJ07-XS-Red	Inez Full Zip Jacket-XS-Red	59
WJ08	Adrienne Trek Jacket	57
WJ08-L-Gray	Adrienne Trek Jacket-L-Gray	57
WJ08-L-Orange	Adrienne Trek Jacket-L-Orange	57
WJ08-L-Purple	Adrienne Trek Jacket-L-Purple	57
WJ08-M-Gray	Adrienne Trek Jacket-M-Gray	57
WJ08-M-Orange	Adrienne Trek Jacket-M-Orange	57
WJ08-M-Purple	Adrienne Trek Jacket-M-Purple	57
WJ08-S-Gray	Adrienne Trek Jacket-S-Gray	57
WJ08-S-Orange	Adrienne Trek Jacket-S-Orange	57
WJ08-S-Purple	Adrienne Trek Jacket-S-Purple	57
WJ08-XL-Gray	Adrienne Trek Jacket-XL-Gray	57
WJ08-XL-Orange	Adrienne Trek Jacket-XL-Orange	57
WJ08-XL-Purple	Adrienne Trek Jacket-XL-Purple	57
WJ08-XS-Gray	Adrienne Trek Jacket-XS-Gray	57
WJ08-XS-Orange	Adrienne Trek Jacket-XS-Orange	57
WJ08-XS-Purple	Adrienne Trek Jacket-XS-Purple	57
WJ09	Jade Yoga Jacket	32
WJ09-L-Blue	Jade Yoga Jacket-L-Blue	32
WJ09-L-Gray	Jade Yoga Jacket-L-Gray	32
WJ09-L-Green	Jade Yoga Jacket-L-Green	32
WJ09-M-Blue	Jade Yoga Jacket-M-Blue	32
WJ09-M-Gray	Jade Yoga Jacket-M-Gray	32
WJ09-M-Green	Jade Yoga Jacket-M-Green	32
WJ09-S-Blue	Jade Yoga Jacket-S-Blue	32
WJ09-S-Gray	Jade Yoga Jacket-S-Gray	32
WJ09-S-Green	Jade Yoga Jacket-S-Green	32
WJ09-XL-Blue	Jade Yoga Jacket-XL-Blue	32
WJ09-XL-Gray	Jade Yoga Jacket-XL-Gray	32
WJ09-XL-Green	Jade Yoga Jacket-XL-Green	32
WJ09-XS-Blue	Jade Yoga Jacket-XS-Blue	32
WJ09-XS-Gray	Jade Yoga Jacket-XS-Gray	32
WJ09-XS-Green	Jade Yoga Jacket-XS-Green	32
WJ10	Nadia Elements Shell	69
WJ10-L-Black	Nadia Elements Shell-L-Black	69
WJ10-L-Orange	Nadia Elements Shell-L-Orange	69
WJ10-L-Yellow	Nadia Elements Shell-L-Yellow	69
WJ10-M-Black	Nadia Elements Shell-M-Black	69
WJ10-M-Orange	Nadia Elements Shell-M-Orange	69
WJ10-M-Yellow	Nadia Elements Shell-M-Yellow	69
WJ10-S-Black	Nadia Elements Shell-S-Black	69
WJ10-S-Orange	Nadia Elements Shell-S-Orange	69
WJ10-S-Yellow	Nadia Elements Shell-S-Yellow	69
WJ10-XL-Black	Nadia Elements Shell-XL-Black	69
WJ10-XL-Orange	Nadia Elements Shell-XL-Orange	69
WJ10-XL-Yellow	Nadia Elements Shell-XL-Yellow	69
WJ10-XS-Black	Nadia Elements Shell-XS-Black	69
WJ10-XS-Orange	Nadia Elements Shell-XS-Orange	69
WJ10-XS-Yellow	Nadia Elements Shell-XS-Yellow	69
WJ11	Neve Studio Dance Jacket	69
WJ11-L-Black	Neve Studio Dance Jacket-L-Black	69
WJ11-L-Blue	Neve Studio Dance Jacket-L-Blue	69
WJ11-L-Orange	Neve Studio Dance Jacket-L-Orange	69
WJ11-M-Black	Neve Studio Dance Jacket-M-Black	69
WJ11-M-Blue	Neve Studio Dance Jacket-M-Blue	69
WJ11-M-Orange	Neve Studio Dance Jacket-M-Orange	69
WJ11-S-Black	Neve Studio Dance Jacket-S-Black	69
WJ11-S-Blue	Neve Studio Dance Jacket-S-Blue	69
WJ11-S-Orange	Neve Studio Dance Jacket-S-Orange	69
WJ11-XL-Black	Neve Studio Dance Jacket-XL-Black	69
WJ11-XL-Blue	Neve Studio Dance Jacket-XL-Blue	69
WJ11-XL-Orange	Neve Studio Dance Jacket-XL-Orange	69
WJ11-XS-Black	Neve Studio Dance Jacket-XS-Black	69
WJ11-XS-Blue	Neve Studio Dance Jacket-XS-Blue	69
WJ11-XS-Orange	Neve Studio Dance Jacket-XS-Orange	69
WJ12	Olivia 1/4 Zip Light Jacket	77
WJ12-L-Black	Olivia 1/4 Zip Light Jacket-L-Black	77
WJ12-L-Blue	Olivia 1/4 Zip Light Jacket-L-Blue	77
WJ12-L-Purple	Olivia 1/4 Zip Light Jacket-L-Purple	77
WJ12-M-Black	Olivia 1/4 Zip Light Jacket-M-Black	77
WJ12-M-Blue	Olivia 1/4 Zip Light Jacket-M-Blue	77
WJ12-M-Purple	Olivia 1/4 Zip Light Jacket-M-Purple	77
WJ12-S-Black	Olivia 1/4 Zip Light Jacket-S-Black	77
WJ12-S-Blue	Olivia 1/4 Zip Light Jacket-S-Blue	77
WJ12-S-Purple	Olivia 1/4 Zip Light Jacket-S-Purple	77
WJ12-XL-Black	Olivia 1/4 Zip Light Jacket-XL-Black	77
WJ12-XL-Blue	Olivia 1/4 Zip Light Jacket-XL-Blue	77
WJ12-XL-Purple	Olivia 1/4 Zip Light Jacket-XL-Purple	77
WJ12-XS-Black	Olivia 1/4 Zip Light Jacket-XS-Black	77
WJ12-XS-Blue	Olivia 1/4 Zip Light Jacket-XS-Blue	77
WJ12-XS-Purple	Olivia 1/4 Zip Light Jacket-XS-Purple	77
WP01	Karmen Yoga Pant	39
WP01-28-Black	Karmen Yoga Pant-28-Black	39
WP01-28-Gray	Karmen Yoga Pant-28-Gray	39
WP01-28-White	Karmen Yoga Pant-28-White	39
WP01-29-Black	Karmen Yoga Pant-29-Black	39
WP01-29-Gray	Karmen Yoga Pant-29-Gray	39
WP01-29-White	Karmen Yoga Pant-29-White	39
WP02	Emma Leggings	42
WP02-28-Blue	Emma Leggings-28-Blue	42
WP02-28-Purple	Emma Leggings-28-Purple	42
WP02-28-Red	Emma Leggings-28-Red	42
WP02-29-Blue	Emma Leggings-29-Blue	42
WP02-29-Purple	Emma Leggings-29-Purple	42
WP02-29-Red	Emma Leggings-29-Red	42
WP03	Ida Workout Parachute Pant	48
WP03-28-Black	Ida Workout Parachute Pant-28-Black	48
WP03-28-Blue	Ida Workout Parachute Pant-28-Blue	48
WP03-28-Purple	Ida Workout Parachute Pant-28-Purple	48
WP03-29-Black	Ida Workout Parachute Pant-29-Black	48
WP03-29-Blue	Ida Workout Parachute Pant-29-Blue	48
WP03-29-Purple	Ida Workout Parachute Pant-29-Purple	48
WP04	Cora Parachute Pant	75
WP04-28-Black	Cora Parachute Pant-28-Black	75
WP04-28-Blue	Cora Parachute Pant-28-Blue	75
WP04-28-White	Cora Parachute Pant-28-White	75
WP04-29-Black	Cora Parachute Pant-29-Black	75
WP04-29-Blue	Cora Parachute Pant-29-Blue	75
WP04-29-White	Cora Parachute Pant-29-White	75
WP05	Sahara Leggings	75
WP05-28-Blue	Sahara Leggings-28-Blue	75
WP05-28-Gray	Sahara Leggings-28-Gray	75
WP05-28-Red	Sahara Leggings-28-Red	75
WP05-29-Blue	Sahara Leggings-29-Blue	75
WP05-29-Gray	Sahara Leggings-29-Gray	75
WP05-29-Red	Sahara Leggings-29-Red	75
WP06	Diana Tights	59
WP06-28-Black	Diana Tights-28-Black	59
WP06-28-Blue	Diana Tights-28-Blue	59
WP06-28-Orange	Diana Tights-28-Orange	59
WP06-29-Black	Diana Tights-29-Black	59
WP06-29-Blue	Diana Tights-29-Blue	59
WP06-29-Orange	Diana Tights-29-Orange	59
WP07	Aeon Capri	48
WP07-28-Black	Aeon Capri-28-Black	48
WP07-28-Blue	Aeon Capri-28-Blue	48
WP07-28-Orange	Aeon Capri-28-Orange	48
WP07-29-Black	Aeon Capri-29-Black	48
WP07-29-Blue	Aeon Capri-29-Blue	48
WP07-29-Orange	Aeon Capri-29-Orange	48
WP08	Bardot Capri	48
WP08-28-Black	Bardot Capri-28-Black	48
WP08-28-Green	Bardot Capri-28-Green	48
WP08-28-Red	Bardot Capri-28-Red	48
WP08-29-Black	Bardot Capri-29-Black	48
WP08-29-Green	Bardot Capri-29-Green	48
WP08-29-Red	Bardot Capri-29-Red	48
WP09	Carina Basic Capri	51
WP09-28-Black	Carina Basic Capri-28-Black	51
WP09-28-Blue	Carina Basic Capri-28-Blue	51
WP09-28-Purple	Carina Basic Capri-28-Purple	51
WP09-29-Black	Carina Basic Capri-29-Black	51
WP09-29-Blue	Carina Basic Capri-29-Blue	51
WP09-29-Purple	Carina Basic Capri-29-Purple	51
WP10	Daria Bikram Pant	51
WP10-28-Black	Daria Bikram Pant-28-Black	51
WP10-28-Gray	Daria Bikram Pant-28-Gray	51
WP10-28-White	Daria Bikram Pant-28-White	51
WP10-29-Black	Daria Bikram Pant-29-Black	51
WP10-29-Gray	Daria Bikram Pant-29-Gray	51
WP10-29-White	Daria Bikram Pant-29-White	51
WP11	Sylvia Capri	42
WP11-28-Blue	Sylvia Capri-28-Blue	42
WP11-28-Green	Sylvia Capri-28-Green	42
WP11-28-Red	Sylvia Capri-28-Red	42
WP11-29-Blue	Sylvia Capri-29-Blue	42
WP11-29-Green	Sylvia Capri-29-Green	42
WP11-29-Red	Sylvia Capri-29-Red	42
WP12	Deirdre Relaxed-Fit Capri	63
WP12-28-Blue	Deirdre Relaxed-Fit Capri-28-Blue	63
WP12-28-Gray	Deirdre Relaxed-Fit Capri-28-Gray	63
WP12-28-Green	Deirdre Relaxed-Fit Capri-28-Green	63
WP12-29-Blue	Deirdre Relaxed-Fit Capri-29-Blue	63
WP12-29-Gray	Deirdre Relaxed-Fit Capri-29-Gray	63
WP12-29-Green	Deirdre Relaxed-Fit Capri-29-Green	63
WP13	Portia Capri	49
WP13-28-Blue	Portia Capri-28-Blue	49
WP13-28-Green	Portia Capri-28-Green	49
WP13-28-Orange	Portia Capri-28-Orange	49
WP13-29-Blue	Portia Capri-29-Blue	49
WP13-29-Green	Portia Capri-29-Green	49
WP13-29-Orange	Portia Capri-29-Orange	49
WS01	Gwyn Endurance Tee	24
WS01-L-Black	Gwyn Endurance Tee-L-Black	24
WS01-L-Green	Gwyn Endurance Tee-L-Green	24
WS01-L-Yellow	Gwyn Endurance Tee-L-Yellow	24
WS01-M-Black	Gwyn Endurance Tee-M-Black	24
WS01-M-Green	Gwyn Endurance Tee-M-Green	24
WS01-M-Yellow	Gwyn Endurance Tee-M-Yellow	24
WS01-S-Black	Gwyn Endurance Tee-S-Black	24
WS01-S-Green	Gwyn Endurance Tee-S-Green	24
WS01-S-Yellow	Gwyn Endurance Tee-S-Yellow	24
WS01-XL-Black	Gwyn Endurance Tee-XL-Black	24
WS01-XL-Green	Gwyn Endurance Tee-XL-Green	24
WS01-XL-Yellow	Gwyn Endurance Tee-XL-Yellow	24
WS01-XS-Black	Gwyn Endurance Tee-XS-Black	24
WS01-XS-Green	Gwyn Endurance Tee-XS-Green	24
WS01-XS-Yellow	Gwyn Endurance Tee-XS-Yellow	24
WS02	Gabrielle Micro Sleeve Top	28
WS02-L-Blue	Gabrielle Micro Sleeve Top-L-Blue	28
WS02-L-Green	Gabrielle Micro Sleeve Top-L-Green	28
WS02-L-Red	Gabrielle Micro Sleeve Top-L-Red	28
WS02-M-Blue	Gabrielle Micro Sleeve Top-M-Blue	28
WS02-M-Green	Gabrielle Micro Sleeve Top-M-Green	28
WS02-M-Red	Gabrielle Micro Sleeve Top-M-Red	28
WS02-S-Blue	Gabrielle Micro Sleeve Top-S-Blue	28
WS02-S-Green	Gabrielle Micro Sleeve Top-S-Green	28
WS02-S-Red	Gabrielle Micro Sleeve Top-S-Red	28
WS02-XL-Blue	Gabrielle Micro Sleeve Top-XL-Blue	28
WS02-XL-Green	Gabrielle Micro Sleeve Top-XL-Green	28
WS02-XL-Red	Gabrielle Micro Sleeve Top-XL-Red	28
WS02-XS-Blue	Gabrielle Micro Sleeve Top-XS-Blue	28
WS02-XS-Green	Gabrielle Micro Sleeve Top-XS-Green	28
WS02-XS-Red	Gabrielle Micro Sleeve Top-XS-Red	28
WS03	Iris Workout Top	29
WS03-L-Blue	Iris Workout Top-L-Blue	29
WS03-L-Green	Iris Workout Top-L-Green	29
WS03-L-Red	Iris Workout Top-L-Red	29
WS03-M-Blue	Iris Workout Top-M-Blue	29
WS03-M-Green	Iris Workout Top-M-Green	29
WS03-M-Red	Iris Workout Top-M-Red	29
WS03-S-Blue	Iris Workout Top-S-Blue	29
WS03-S-Green	Iris Workout Top-S-Green	29
WS03-S-Red	Iris Workout Top-S-Red	29
WS03-XL-Blue	Iris Workout Top-XL-Blue	29
WS03-XL-Green	Iris Workout Top-XL-Green	29
WS03-XL-Red	Iris Workout Top-XL-Red	29
WS03-XS-Blue	Iris Workout Top-XS-Blue	29
WS03-XS-Green	Iris Workout Top-XS-Green	29
WS03-XS-Red	Iris Workout Top-XS-Red	29
WS04	Layla Tee	29
WS04-L-Blue	Layla Tee-L-Blue	29
WS04-L-Green	Layla Tee-L-Green	29
WS04-L-Red	Layla Tee-L-Red	29
WS04-M-Blue	Layla Tee-M-Blue	29
WS04-M-Green	Layla Tee-M-Green	29
WS04-M-Red	Layla Tee-M-Red	29
WS04-S-Blue	Layla Tee-S-Blue	29
WS04-S-Green	Layla Tee-S-Green	29
WS04-S-Red	Layla Tee-S-Red	29
WS04-XL-Blue	Layla Tee-XL-Blue	29
WS04-XL-Green	Layla Tee-XL-Green	29
WS04-XL-Red	Layla Tee-XL-Red	29
WS04-XS-Blue	Layla Tee-XS-Blue	29
WS04-XS-Green	Layla Tee-XS-Green	29
WS04-XS-Red	Layla Tee-XS-Red	29
WS05	Desiree Fitness Tee	24
WS05-L-Black	Desiree Fitness Tee-L-Black	24
WS05-L-Orange	Desiree Fitness Tee-L-Orange	24
WS05-L-Yellow	Desiree Fitness Tee-L-Yellow	24
WS05-M-Black	Desiree Fitness Tee-M-Black	24
WS05-M-Orange	Desiree Fitness Tee-M-Orange	24
WS05-M-Yellow	Desiree Fitness Tee-M-Yellow	24
WS05-S-Black	Desiree Fitness Tee-S-Black	24
WS05-S-Orange	Desiree Fitness Tee-S-Orange	24
WS05-S-Yellow	Desiree Fitness Tee-S-Yellow	24
WS05-XL-Black	Desiree Fitness Tee-XL-Black	24
WS05-XL-Orange	Desiree Fitness Tee-XL-Orange	24
WS05-XL-Yellow	Desiree Fitness Tee-XL-Yellow	24
WS05-XS-Black	Desiree Fitness Tee-XS-Black	24
WS05-XS-Orange	Desiree Fitness Tee-XS-Orange	24
WS05-XS-Yellow	Desiree Fitness Tee-XS-Yellow	24
WS06	Elisa EverCool&trade; Tee	29
WS06-L-Gray	Elisa EverCool&trade; Tee-L-Gray	29
WS06-L-Purple	Elisa EverCool&trade; Tee-L-Purple	29
WS06-L-Red	Elisa EverCool&trade; Tee-L-Red	29
WS06-M-Gray	Elisa EverCool&trade; Tee-M-Gray	29
WS06-M-Purple	Elisa EverCool&trade; Tee-M-Purple	29
WS06-M-Red	Elisa EverCool&trade; Tee-M-Red	29
WS06-S-Gray	Elisa EverCool&trade; Tee-S-Gray	29
WS06-S-Purple	Elisa EverCool&trade; Tee-S-Purple	29
WS06-S-Red	Elisa EverCool&trade; Tee-S-Red	29
WS06-XL-Gray	Elisa EverCool&trade; Tee-XL-Gray	29
WS06-XL-Purple	Elisa EverCool&trade; Tee-XL-Purple	29
WS06-XL-Red	Elisa EverCool&trade; Tee-XL-Red	29
WS06-XS-Gray	Elisa EverCool&trade; Tee-XS-Gray	29
WS06-XS-Purple	Elisa EverCool&trade; Tee-XS-Purple	29
WS06-XS-Red	Elisa EverCool&trade; Tee-XS-Red	29
WS07	Juliana Short-Sleeve Tee	42
WS07-L-Black	Juliana Short-Sleeve Tee-L-Black	42
WS07-L-White	Juliana Short-Sleeve Tee-L-White	42
WS07-L-Yellow	Juliana Short-Sleeve Tee-L-Yellow	42
WS07-M-Black	Juliana Short-Sleeve Tee-M-Black	42
WS07-M-White	Juliana Short-Sleeve Tee-M-White	42
WS07-M-Yellow	Juliana Short-Sleeve Tee-M-Yellow	42
WS07-S-Black	Juliana Short-Sleeve Tee-S-Black	42
WS07-S-White	Juliana Short-Sleeve Tee-S-White	42
WS07-S-Yellow	Juliana Short-Sleeve Tee-S-Yellow	42
WS07-XL-Black	Juliana Short-Sleeve Tee-XL-Black	42
WS07-XL-White	Juliana Short-Sleeve Tee-XL-White	42
WS07-XL-Yellow	Juliana Short-Sleeve Tee-XL-Yellow	42
WS07-XS-Black	Juliana Short-Sleeve Tee-XS-Black	42
WS07-XS-White	Juliana Short-Sleeve Tee-XS-White	42
WS07-XS-Yellow	Juliana Short-Sleeve Tee-XS-Yellow	42
WS08	Minerva LumaTech&trade; V-Tee	32
WS08-L-Black	Minerva LumaTech&trade; V-Tee-L-Black	32
WS08-L-Blue	Minerva LumaTech&trade; V-Tee-L-Blue	32
WS08-L-Red	Minerva LumaTech&trade; V-Tee-L-Red	32
WS08-M-Black	Minerva LumaTech&trade; V-Tee-M-Black	32
WS08-M-Blue	Minerva LumaTech&trade; V-Tee-M-Blue	32
WS08-M-Red	Minerva LumaTech&trade; V-Tee-M-Red	32
WS08-S-Black	Minerva LumaTech&trade; V-Tee-S-Black	32
WS08-S-Blue	Minerva LumaTech&trade; V-Tee-S-Blue	32
WS08-S-Red	Minerva LumaTech&trade; V-Tee-S-Red	32
WS08-XL-Black	Minerva LumaTech&trade; V-Tee-XL-Black	32
WS08-XL-Blue	Minerva LumaTech&trade; V-Tee-XL-Blue	32
WS08-XL-Red	Minerva LumaTech&trade; V-Tee-XL-Red	32
WS08-XS-Black	Minerva LumaTech&trade; V-Tee-XS-Black	32
WS08-XS-Blue	Minerva LumaTech&trade; V-Tee-XS-Blue	32
WS08-XS-Red	Minerva LumaTech&trade; V-Tee-XS-Red	32
WS09	Tiffany Fitness Tee	28
WS09-L-Blue	Tiffany Fitness Tee-L-Blue	28
WS09-L-Red	Tiffany Fitness Tee-L-Red	28
WS09-L-White	Tiffany Fitness Tee-L-White	28
WS09-M-Blue	Tiffany Fitness Tee-M-Blue	28
WS09-M-Red	Tiffany Fitness Tee-M-Red	28
WS09-M-White	Tiffany Fitness Tee-M-White	28
WS09-S-Blue	Tiffany Fitness Tee-S-Blue	28
WS09-S-Red	Tiffany Fitness Tee-S-Red	28
WS09-S-White	Tiffany Fitness Tee-S-White	28
WS09-XL-Blue	Tiffany Fitness Tee-XL-Blue	28
WS09-XL-Red	Tiffany Fitness Tee-XL-Red	28
WS09-XL-White	Tiffany Fitness Tee-XL-White	28
WS09-XS-Blue	Tiffany Fitness Tee-XS-Blue	28
WS09-XS-Red	Tiffany Fitness Tee-XS-Red	28
WS09-XS-White	Tiffany Fitness Tee-XS-White	28
WS10	Karissa V-Neck Tee	32
WS10-L-Green	Karissa V-Neck Tee-L-Green	32
WS10-L-Red	Karissa V-Neck Tee-L-Red	32
WS10-L-Yellow	Karissa V-Neck Tee-L-Yellow	32
WS10-M-Green	Karissa V-Neck Tee-M-Green	32
WS10-M-Red	Karissa V-Neck Tee-M-Red	32
WS10-M-Yellow	Karissa V-Neck Tee-M-Yellow	32
WS10-S-Green	Karissa V-Neck Tee-S-Green	32
WS10-S-Red	Karissa V-Neck Tee-S-Red	32
WS10-S-Yellow	Karissa V-Neck Tee-S-Yellow	32
WS10-XL-Green	Karissa V-Neck Tee-XL-Green	32
WS10-XL-Red	Karissa V-Neck Tee-XL-Red	32
WS10-XL-Yellow	Karissa V-Neck Tee-XL-Yellow	32
WS10-XS-Green	Karissa V-Neck Tee-XS-Green	32
WS10-XS-Red	Karissa V-Neck Tee-XS-Red	32
WS10-XS-Yellow	Karissa V-Neck Tee-XS-Yellow	32
WS11	Diva Gym Tee	32
WS11-L-Green	Diva Gym Tee-L-Green	32
WS11-L-Orange	Diva Gym Tee-L-Orange	32
WS11-L-Yellow	Diva Gym Tee-L-Yellow	32
WS11-M-Green	Diva Gym Tee-M-Green	32
WS11-M-Orange	Diva Gym Tee-M-Orange	32
WS11-M-Yellow	Diva Gym Tee-M-Yellow	32
WS11-S-Green	Diva Gym Tee-S-Green	32
WS11-S-Orange	Diva Gym Tee-S-Orange	32
WS11-S-Yellow	Diva Gym Tee-S-Yellow	32
WS11-XL-Green	Diva Gym Tee-XL-Green	32
WS11-XL-Orange	Diva Gym Tee-XL-Orange	32
WS11-XL-Yellow	Diva Gym Tee-XL-Yellow	32
WS11-XS-Green	Diva Gym Tee-XS-Green	32
WS11-XS-Orange	Diva Gym Tee-XS-Orange	32
WS11-XS-Yellow	Diva Gym Tee-XS-Yellow	32
WS12	Radiant Tee	22
WS12-L-Blue	Radiant Tee-L-Blue	22
WS12-L-Orange	Radiant Tee-L-Orange	22
WS12-L-Purple	Radiant Tee-L-Purple	22
WS12-M-Blue	Radiant Tee-M-Blue	22
WS12-M-Orange	Radiant Tee-M-Orange	22
WS12-M-Purple	Radiant Tee-M-Purple	22
WS12-S-Blue	Radiant Tee-S-Blue	22
WS12-S-Orange	Radiant Tee-S-Orange	22
WS12-S-Purple	Radiant Tee-S-Purple	22
WS12-XL-Blue	Radiant Tee-XL-Blue	22
WS12-XL-Orange	Radiant Tee-XL-Orange	22
WS12-XL-Purple	Radiant Tee-XL-Purple	22
WS12-XS-Blue	Radiant Tee-XS-Blue	22
WS12-XS-Orange	Radiant Tee-XS-Orange	22
WS12-XS-Purple	Radiant Tee-XS-Purple	22
WSH01	Fiona Fitness Short	29
WSH01-28-Black	Fiona Fitness Short-28-Black	29
WSH01-28-Green	Fiona Fitness Short-28-Green	29
WSH01-28-Red	Fiona Fitness Short-28-Red	29
WSH01-29-Black	Fiona Fitness Short-29-Black	29
WSH01-29-Green	Fiona Fitness Short-29-Green	29
WSH01-29-Red	Fiona Fitness Short-29-Red	29
WSH01-30-Black	Fiona Fitness Short-30-Black	29
WSH01-30-Green	Fiona Fitness Short-30-Green	29
WSH01-30-Red	Fiona Fitness Short-30-Red	29
WSH01-31-Black	Fiona Fitness Short-31-Black	29
WSH01-31-Green	Fiona Fitness Short-31-Green	29
WSH01-31-Red	Fiona Fitness Short-31-Red	29
WSH01-32-Black	Fiona Fitness Short-32-Black	29
WSH01-32-Green	Fiona Fitness Short-32-Green	29
WSH01-32-Red	Fiona Fitness Short-32-Red	29
WSH02	Maxima Drawstring Short	28
WSH02-28-Gray	Maxima Drawstring Short-28-Gray	28
WSH02-28-Orange	Maxima Drawstring Short-28-Orange	28
WSH02-28-Yellow	Maxima Drawstring Short-28-Yellow	28
WSH02-29-Gray	Maxima Drawstring Short-29-Gray	28
WSH02-29-Orange	Maxima Drawstring Short-29-Orange	28
WSH02-29-Yellow	Maxima Drawstring Short-29-Yellow	28
WSH02-30-Gray	Maxima Drawstring Short-30-Gray	28
WSH02-30-Orange	Maxima Drawstring Short-30-Orange	28
WSH02-30-Yellow	Maxima Drawstring Short-30-Yellow	28
WSH02-31-Gray	Maxima Drawstring Short-31-Gray	28
WSH02-31-Orange	Maxima Drawstring Short-31-Orange	28
WSH02-31-Yellow	Maxima Drawstring Short-31-Yellow	28
WSH02-32-Gray	Maxima Drawstring Short-32-Gray	28
WSH02-32-Orange	Maxima Drawstring Short-32-Orange	28
WSH02-32-Yellow	Maxima Drawstring Short-32-Yellow	28
WSH03	Gwen Drawstring Bike Short	50
WSH03-28-Blue	Gwen Drawstring Bike Short-28-Blue	50
WSH03-28-Gray	Gwen Drawstring Bike Short-28-Gray	50
WSH03-28-Orange	Gwen Drawstring Bike Short-28-Orange	50
WSH03-29-Blue	Gwen Drawstring Bike Short-29-Blue	50
WSH03-29-Gray	Gwen Drawstring Bike Short-29-Gray	50
WSH03-29-Orange	Gwen Drawstring Bike Short-29-Orange	50
WSH03-30-Blue	Gwen Drawstring Bike Short-30-Blue	50
WSH03-30-Gray	Gwen Drawstring Bike Short-30-Gray	50
WSH03-30-Orange	Gwen Drawstring Bike Short-30-Orange	50
WSH03-31-Blue	Gwen Drawstring Bike Short-31-Blue	50
WSH03-31-Gray	Gwen Drawstring Bike Short-31-Gray	50
WSH03-31-Orange	Gwen Drawstring Bike Short-31-Orange	50
WSH03-32-Blue	Gwen Drawstring Bike Short-32-Blue	50
WSH03-32-Gray	Gwen Drawstring Bike Short-32-Gray	50
WSH03-32-Orange	Gwen Drawstring Bike Short-32-Orange	50
WSH04	Artemis Running Short	45
WSH04-28-Black	Artemis Running Short-28-Black	45
WSH04-28-Green	Artemis Running Short-28-Green	45
WSH04-28-Orange	Artemis Running Short-28-Orange	45
WSH04-29-Black	Artemis Running Short-29-Black	45
WSH04-29-Green	Artemis Running Short-29-Green	45
WSH04-29-Orange	Artemis Running Short-29-Orange	45
WSH04-30-Black	Artemis Running Short-30-Black	45
WSH04-30-Green	Artemis Running Short-30-Green	45
WSH04-30-Orange	Artemis Running Short-30-Orange	45
WSH04-31-Black	Artemis Running Short-31-Black	45
WSH04-31-Green	Artemis Running Short-31-Green	45
WSH04-31-Orange	Artemis Running Short-31-Orange	45
WSH04-32-Black	Artemis Running Short-32-Black	45
WSH04-32-Green	Artemis Running Short-32-Green	45
WSH04-32-Orange	Artemis Running Short-32-Orange	45
WSH05	Bess Yoga Short	28
WSH05-28-Blue	Bess Yoga Short-28-Blue	28
WSH05-28-Purple	Bess Yoga Short-28-Purple	28
WSH05-28-Yellow	Bess Yoga Short-28-Yellow	28
WSH05-29-Blue	Bess Yoga Short-29-Blue	28
WSH05-29-Purple	Bess Yoga Short-29-Purple	28
WSH05-29-Yellow	Bess Yoga Short-29-Yellow	28
WSH05-30-Blue	Bess Yoga Short-30-Blue	28
WSH05-30-Purple	Bess Yoga Short-30-Purple	28
WSH05-30-Yellow	Bess Yoga Short-30-Yellow	28
WSH05-31-Blue	Bess Yoga Short-31-Blue	28
WSH05-31-Purple	Bess Yoga Short-31-Purple	28
WSH05-31-Yellow	Bess Yoga Short-31-Yellow	28
WSH05-32-Blue	Bess Yoga Short-32-Blue	28
WSH05-32-Purple	Bess Yoga Short-32-Purple	28
WSH05-32-Yellow	Bess Yoga Short-32-Yellow	28
WSH06	Angel Light Running Short	42
WSH06-28-Gray	Angel Light Running Short-28-Gray	42
WSH06-28-Orange	Angel Light Running Short-28-Orange	42
WSH06-28-Purple	Angel Light Running Short-28-Purple	42
WSH06-29-Gray	Angel Light Running Short-29-Gray	42
WSH06-29-Orange	Angel Light Running Short-29-Orange	42
WSH06-29-Purple	Angel Light Running Short-29-Purple	42
WSH07	Echo Fit Compression Short	24
WSH07-28-Black	Echo Fit Compression Short-28-Black	24
WSH07-28-Blue	Echo Fit Compression Short-28-Blue	24
WSH07-28-Purple	Echo Fit Compression Short-28-Purple	24
WSH07-29-Black	Echo Fit Compression Short-29-Black	24
WSH07-29-Blue	Echo Fit Compression Short-29-Blue	24
WSH07-29-Purple	Echo Fit Compression Short-29-Purple	24
WSH08	Sybil Running Short	44
WSH08-28-Purple	Sybil Running Short-28-Purple	44
WSH08-29-Purple	Sybil Running Short-29-Purple	44
WSH08-30-Purple	Sybil Running Short-30-Purple	44
WSH08-31-Purple	Sybil Running Short-31-Purple	44
WSH08-32-Purple	Sybil Running Short-32-Purple	44
WSH09	Mimi All-Purpose Short	44
WSH09-28-Gray	Mimi All-Purpose Short-28-Gray	44
WSH09-28-Green	Mimi All-Purpose Short-28-Green	44
WSH09-28-White	Mimi All-Purpose Short-28-White	44
WSH09-29-Gray	Mimi All-Purpose Short-29-Gray	44
WSH09-29-Green	Mimi All-Purpose Short-29-Green	44
WSH09-29-White	Mimi All-Purpose Short-29-White	44
WSH10	Ana Running Short	40
WSH10-28-Black	Ana Running Short-28-Black	40
WSH10-28-Orange	Ana Running Short-28-Orange	40
WSH10-28-White	Ana Running Short-28-White	40
WSH10-29-Black	Ana Running Short-29-Black	40
WSH10-29-Orange	Ana Running Short-29-Orange	40
WSH10-29-White	Ana Running Short-29-White	40
WSH11	Ina Compression Short	49
WSH11-28-Blue	Ina Compression Short-28-Blue	49
WSH11-28-Orange	Ina Compression Short-28-Orange	49
WSH11-28-Red	Ina Compression Short-28-Red	49
WSH11-29-Blue	Ina Compression Short-29-Blue	49
WSH11-29-Orange	Ina Compression Short-29-Orange	49
WSH11-29-Red	Ina Compression Short-29-Red	49
WSH12	Erika Running Short	49
WSH12-28-Green	Erika Running Short-28-Green	45
WSH12-28-Purple	Erika Running Short-28-Purple	45
WSH12-28-Red	Erika Running Short-28-Red	45
WSH12-29-Green	Erika Running Short-29-Green	45
WSH12-29-Purple	Erika Running Short-29-Purple	45
WSH12-29-Red	Erika Running Short-29-Red	45
WSH12-30-Green	Erika Running Short-30-Green	45
WSH12-30-Purple	Erika Running Short-30-Purple	45
WSH12-30-Red	Erika Running Short-30-Red	45
WSH12-31-Green	Erika Running Short-31-Green	45
WSH12-31-Purple	Erika Running Short-31-Purple	45
WSH12-31-Red	Erika Running Short-31-Red	45
WSH12-32-Green	Erika Running Short-32-Green	45
WSH12-32-Purple	Erika Running Short-32-Purple	45
WSH12-32-Red	Erika Running Short-32-Red	45
WT01	Bella Tank	29
WT01-L-Black	Bella Tank-L-Black	29
WT01-L-Blue	Bella Tank-L-Blue	29
WT01-L-Orange	Bella Tank-L-Orange	29
WT01-M-Black	Bella Tank-M-Black	29
WT01-M-Blue	Bella Tank-M-Blue	29
WT01-M-Orange	Bella Tank-M-Orange	29
WT01-S-Black	Bella Tank-S-Black	29
WT01-S-Blue	Bella Tank-S-Blue	29
WT01-S-Orange	Bella Tank-S-Orange	29
WT01-XL-Black	Bella Tank-XL-Black	29
WT01-XL-Blue	Bella Tank-XL-Blue	29
WT01-XL-Orange	Bella Tank-XL-Orange	29
WT01-XS-Black	Bella Tank-XS-Black	29
WT01-XS-Blue	Bella Tank-XS-Blue	29
WT01-XS-Orange	Bella Tank-XS-Orange	29
WT02	Zoe Tank	29
WT02-L-Green	Zoe Tank-L-Green	29
WT02-L-Orange	Zoe Tank-L-Orange	29
WT02-L-Yellow	Zoe Tank-L-Yellow	29
WT02-M-Green	Zoe Tank-M-Green	29
WT02-M-Orange	Zoe Tank-M-Orange	29
WT02-M-Yellow	Zoe Tank-M-Yellow	29
WT02-S-Green	Zoe Tank-S-Green	29
WT02-S-Orange	Zoe Tank-S-Orange	29
WT02-S-Yellow	Zoe Tank-S-Yellow	29
WT02-XL-Green	Zoe Tank-XL-Green	29
WT02-XL-Orange	Zoe Tank-XL-Orange	29
WT02-XL-Yellow	Zoe Tank-XL-Yellow	29
WT02-XS-Green	Zoe Tank-XS-Green	29
WT02-XS-Orange	Zoe Tank-XS-Orange	29
WT02-XS-Yellow	Zoe Tank-XS-Yellow	29
WT03	Nora Practice Tank	39
WT03-L-Orange	Nora Practice Tank-L-Orange	39
WT03-L-Purple	Nora Practice Tank-L-Purple	39
WT03-L-Red	Nora Practice Tank-L-Red	39
WT03-M-Orange	Nora Practice Tank-M-Orange	39
WT03-M-Purple	Nora Practice Tank-M-Purple	39
WT03-M-Red	Nora Practice Tank-M-Red	39
WT03-S-Orange	Nora Practice Tank-S-Orange	39
WT03-S-Purple	Nora Practice Tank-S-Purple	39
WT03-S-Red	Nora Practice Tank-S-Red	39
WT03-XL-Orange	Nora Practice Tank-XL-Orange	39
WT03-XL-Purple	Nora Practice Tank-XL-Purple	39
WT03-XL-Red	Nora Practice Tank-XL-Red	39
WT03-XS-Orange	Nora Practice Tank-XS-Orange	39
WT03-XS-Purple	Nora Practice Tank-XS-Purple	39
WT03-XS-Red	Nora Practice Tank-XS-Red	39
WT04	Nona Fitness Tank	39
WT04-L-Blue	Nona Fitness Tank-L-Blue	39
WT04-L-Purple	Nona Fitness Tank-L-Purple	39
WT04-L-Red	Nona Fitness Tank-L-Red	39
WT04-M-Blue	Nona Fitness Tank-M-Blue	39
WT04-M-Purple	Nona Fitness Tank-M-Purple	39
WT04-M-Red	Nona Fitness Tank-M-Red	39
WT04-S-Blue	Nona Fitness Tank-S-Blue	39
WT04-S-Purple	Nona Fitness Tank-S-Purple	39
WT04-S-Red	Nona Fitness Tank-S-Red	39
WT04-XL-Blue	Nona Fitness Tank-XL-Blue	39
WT04-XL-Purple	Nona Fitness Tank-XL-Purple	39
WT04-XL-Red	Nona Fitness Tank-XL-Red	39
WT04-XS-Blue	Nona Fitness Tank-XS-Blue	39
WT04-XS-Purple	Nona Fitness Tank-XS-Purple	39
WT04-XS-Red	Nona Fitness Tank-XS-Red	39
WT05	Leah Yoga Top	39
WT05-L-Orange	Leah Yoga Top-L-Orange	39
WT05-L-Purple	Leah Yoga Top-L-Purple	39
WT05-L-White	Leah Yoga Top-L-White	39
WT05-M-Orange	Leah Yoga Top-M-Orange	39
WT05-M-Purple	Leah Yoga Top-M-Purple	39
WT05-M-White	Leah Yoga Top-M-White	39
WT05-S-Orange	Leah Yoga Top-S-Orange	39
WT05-S-Purple	Leah Yoga Top-S-Purple	39
WT05-S-White	Leah Yoga Top-S-White	39
WT05-XL-Orange	Leah Yoga Top-XL-Orange	39
WT05-XL-Purple	Leah Yoga Top-XL-Purple	39
WT05-XL-White	Leah Yoga Top-XL-White	39
WT05-XS-Orange	Leah Yoga Top-XS-Orange	39
WT05-XS-Purple	Leah Yoga Top-XS-Purple	39
WT05-XS-White	Leah Yoga Top-XS-White	39
WT06	Chloe Compete Tank	39
WT06-L-Blue	Chloe Compete Tank-L-Blue	39
WT06-L-Red	Chloe Compete Tank-L-Red	39
WT06-L-Yellow	Chloe Compete Tank-L-Yellow	39
WT06-M-Blue	Chloe Compete Tank-M-Blue	39
WT06-M-Red	Chloe Compete Tank-M-Red	39
WT06-M-Yellow	Chloe Compete Tank-M-Yellow	39
WT06-S-Blue	Chloe Compete Tank-S-Blue	39
WT06-S-Red	Chloe Compete Tank-S-Red	39
WT06-S-Yellow	Chloe Compete Tank-S-Yellow	39
WT06-XL-Blue	Chloe Compete Tank-XL-Blue	39
WT06-XL-Red	Chloe Compete Tank-XL-Red	39
WT06-XL-Yellow	Chloe Compete Tank-XL-Yellow	39
WT06-XS-Blue	Chloe Compete Tank-XS-Blue	39
WT06-XS-Red	Chloe Compete Tank-XS-Red	39
WT06-XS-Yellow	Chloe Compete Tank-XS-Yellow	39
WT07	Maya Tunic	29
WT07-L-Green	Maya Tunic-L-Green	29
WT07-L-White	Maya Tunic-L-White	29
WT07-L-Yellow	Maya Tunic-L-Yellow	29
WT07-M-Green	Maya Tunic-M-Green	29
WT07-M-White	Maya Tunic-M-White	29
WT07-M-Yellow	Maya Tunic-M-Yellow	29
WT07-S-Green	Maya Tunic-S-Green	29
WT07-S-White	Maya Tunic-S-White	29
WT07-S-Yellow	Maya Tunic-S-Yellow	29
WT07-XL-Green	Maya Tunic-XL-Green	29
WT07-XL-White	Maya Tunic-XL-White	29
WT07-XL-Yellow	Maya Tunic-XL-Yellow	29
WT07-XS-Green	Maya Tunic-XS-Green	29
WT07-XS-White	Maya Tunic-XS-White	29
WT07-XS-Yellow	Maya Tunic-XS-Yellow	29
WT08	Antonia Racer Tank	34
WT08-L-Black	Antonia Racer Tank-L-Black	34
WT08-L-Purple	Antonia Racer Tank-L-Purple	34
WT08-L-Yellow	Antonia Racer Tank-L-Yellow	34
WT08-M-Black	Antonia Racer Tank-M-Black	34
WT08-M-Purple	Antonia Racer Tank-M-Purple	34
WT08-M-Yellow	Antonia Racer Tank-M-Yellow	34
WT08-S-Black	Antonia Racer Tank-S-Black	34
WT08-S-Purple	Antonia Racer Tank-S-Purple	34
WT08-S-Yellow	Antonia Racer Tank-S-Yellow	34
WT08-XL-Black	Antonia Racer Tank-XL-Black	34
WT08-XL-Purple	Antonia Racer Tank-XL-Purple	34
WT08-XL-Yellow	Antonia Racer Tank-XL-Yellow	34
WT08-XS-Black	Antonia Racer Tank-XS-Black	34
WT08-XS-Purple	Antonia Racer Tank-XS-Purple	34
WT08-XS-Yellow	Antonia Racer Tank-XS-Yellow	34
WT09	Breathe-Easy Tank	34
WT09-L-Purple	Breathe-Easy Tank-L-Purple	34
WT09-L-White	Breathe-Easy Tank-L-White	34
WT09-L-Yellow	Breathe-Easy Tank-L-Yellow	34
WT09-M-Purple	Breathe-Easy Tank-M-Purple	34
WT09-M-White	Breathe-Easy Tank-M-White	34
WT09-M-Yellow	Breathe-Easy Tank-M-Yellow	34
WT09-S-Purple	Breathe-Easy Tank-S-Purple	34
WT09-S-White	Breathe-Easy Tank-S-White	34
WT09-S-Yellow	Breathe-Easy Tank-S-Yellow	34
WT09-XL-Purple	Breathe-Easy Tank-XL-Purple	34
WT09-XL-White	Breathe-Easy Tank-XL-White	34
WT09-XL-Yellow	Breathe-Easy Tank-XL-Yellow	34
WT09-XS-Purple	Breathe-Easy Tank-XS-Purple	34
WT09-XS-White	Breathe-Easy Tank-XS-White	34
WT09-XS-Yellow	Breathe-Easy Tank-XS-Yellow	34
24-MG04	Aim Analog Watch	45
24-MG01	Endurance Watch	49
24-MG03	Summit Watch	54
24-MG05	Cruise Dual Analog Watch	55
24-MG02	Dash Digital Watch	92
24-WG09	Luma Analog Watch	43
24-WG01	Bolo Sport Watch	49
24-WG03	Clamber Watch	54
24-WG02	Didi Sport Watch	92
24-WG085	Sprite Yoga Strap 6 foot	14
24-WG086	Sprite Yoga Strap 8 foot	17
24-WG087	Sprite Yoga Strap 10 foot	21
24-WG081-gray	Sprite Stasis Ball 55 cm	23
24-WG081-pink	Sprite Stasis Ball 55 cm	23
24-WG081-blue	Sprite Stasis Ball 55 cm	23
24-WG082-gray	Sprite Stasis Ball 65 cm	27
24-WG082-pink	Sprite Stasis Ball 65 cm	27
24-WG082-blue	Sprite Stasis Ball 65 cm	27
24-WG083-gray	Sprite Stasis Ball 75 cm	32
24-WG083-pink	Sprite Stasis Ball 75 cm	32
24-WG083-blue	Sprite Stasis Ball 75 cm	32
24-UG06	Affirm Water Bottle 	7
24-UG07	Dual Handle Cardio Ball	12
24-UG04	Zing Jump Rope	12
24-UG02	Pursuit Lumaflex&trade; Tone Band	16
24-UG05	Go-Get'r Pushup Grips	19
24-UG01	Quest Lumaflex&trade; Band	19
24-WG084	Sprite Foam Yoga Brick	5
24-WG088	Sprite Foam Roller	19
24-UG03	Harmony Lumaflex&trade; Strength Band Kit 	22
24-MB01	Joust Duffle Bag	34
24-MB04	Strive Shoulder Pack	32
24-MB03	Crown Summit Backpack	38
24-MB05	Wayfarer Messenger Bag	45
24-MB06	Rival Field Messenger	45
24-MB02	Fusion Backpack	59
24-UB02	Impulse Duffle	74
24-WB01	Voyage Yoga Bag	32
24-WB02	Compete Track Tote	32
24-WB05	Savvy Shoulder Tote	32
24-WB06	Endeavor Daytrip Backpack	33
24-WB03	Driven Backpack	36
24-WB07	Overnight Duffle	45
24-WB04	Push It Messenger Bag	45
